#ifndef __FONT_CN_H
#define __FONT_CN_H

#include "stdint.h"

// 16x16 中文字库, 503 个常用字
// 每字32字节: [上半部分16列] + [下半部分16列]
// 位0=最上行, 位7=最下行
// UTF-8 编码, 每字3字节, 存入字节数组(避免Keil编码问题)
// 搜索方法: 比较连续的3字节匹配 UTF-8 编码
const uint8_t CN_Font_Chars_UTF8[] = {
    0xE7, 0x9A, 0x84,  // "的" (索引0)
    0xE4, 0xB8, 0x80,  // "一" (索引1)
    0xE6, 0x98, 0xAF,  // "是" (索引2)
    0xE5, 0x9C, 0xA8,  // "在" (索引3)
    0xE4, 0xB8, 0x8D,  // "不" (索引4)
    0xE4, 0xBA, 0x86,  // "了" (索引5)
    0xE6, 0x9C, 0x89,  // "有" (索引6)
    0xE5, 0x92, 0x8C,  // "和" (索引7)
    0xE4, 0xBA, 0xBA,  // "人" (索引8)
    0xE8, 0xBF, 0x99,  // "这" (索引9)
    0xE4, 0xB8, 0xAD,  // "中" (索引10)
    0xE5, 0xA4, 0xA7,  // "大" (索引11)
    0xE4, 0xB8, 0xBA,  // "为" (索引12)
    0xE4, 0xB8, 0x8A,  // "上" (索引13)
    0xE4, 0xB8, 0xAA,  // "个" (索引14)
    0xE5, 0x9B, 0xBD,  // "国" (索引15)
    0xE6, 0x88, 0x91,  // "我" (索引16)
    0xE4, 0xBB, 0xA5,  // "以" (索引17)
    0xE8, 0xA6, 0x81,  // "要" (索引18)
    0xE4, 0xBB, 0x96,  // "他" (索引19)
    0xE6, 0x97, 0xB6,  // "时" (索引20)
    0xE6, 0x9D, 0xA5,  // "来" (索引21)
    0xE7, 0x94, 0xA8,  // "用" (索引22)
    0xE4, 0xBB, 0xAC,  // "们" (索引23)
    0xE7, 0x94, 0x9F,  // "生" (索引24)
    0xE5, 0x88, 0xB0,  // "到" (索引25)
    0xE4, 0xBD, 0x9C,  // "作" (索引26)
    0xE5, 0x9C, 0xB0,  // "地" (索引27)
    0xE4, 0xBA, 0x8E,  // "于" (索引28)
    0xE5, 0x87, 0xBA,  // "出" (索引29)
    0xE5, 0xB0, 0xB1,  // "就" (索引30)
    0xE5, 0x88, 0x86,  // "分" (索引31)
    0xE5, 0xAF, 0xB9,  // "对" (索引32)
    0xE6, 0x88, 0x90,  // "成" (索引33)
    0xE4, 0xBC, 0x9A,  // "会" (索引34)
    0xE5, 0x8F, 0xAF,  // "可" (索引35)
    0xE4, 0xB8, 0xBB,  // "主" (索引36)
    0xE5, 0x8F, 0x91,  // "发" (索引37)
    0xE5, 0xB9, 0xB4,  // "年" (索引38)
    0xE5, 0x8A, 0xA8,  // "动" (索引39)
    0xE5, 0x90, 0x8C,  // "同" (索引40)
    0xE5, 0xB7, 0xA5,  // "工" (索引41)
    0xE4, 0xB9, 0x9F,  // "也" (索引42)
    0xE8, 0x83, 0xBD,  // "能" (索引43)
    0xE4, 0xB8, 0x8B,  // "下" (索引44)
    0xE8, 0xBF, 0x87,  // "过" (索引45)
    0xE5, 0xAD, 0x90,  // "子" (索引46)
    0xE8, 0xAF, 0xB4,  // "说" (索引47)
    0xE4, 0xBA, 0xA7,  // "产" (索引48)
    0xE7, 0xA7, 0x8D,  // "种" (索引49)
    0xE9, 0x9D, 0xA2,  // "面" (索引50)
    0xE8, 0x80, 0x8C,  // "而" (索引51)
    0xE6, 0x96, 0xB9,  // "方" (索引52)
    0xE5, 0x90, 0x8E,  // "后" (索引53)
    0xE5, 0xA4, 0x9A,  // "多" (索引54)
    0xE5, 0xAE, 0x9A,  // "定" (索引55)
    0xE8, 0xA1, 0x8C,  // "行" (索引56)
    0xE5, 0xAD, 0xA6,  // "学" (索引57)
    0xE6, 0xB3, 0x95,  // "法" (索引58)
    0xE6, 0x89, 0x80,  // "所" (索引59)
    0xE6, 0xB0, 0x91,  // "民" (索引60)
    0xE5, 0xBE, 0x97,  // "得" (索引61)
    0xE7, 0xBB, 0x8F,  // "经" (索引62)
    0xE5, 0x8D, 0x81,  // "十" (索引63)
    0xE4, 0xB8, 0x89,  // "三" (索引64)
    0xE4, 0xB9, 0x8B,  // "之" (索引65)
    0xE8, 0xBF, 0x9B,  // "进" (索引66)
    0xE7, 0x9D, 0x80,  // "着" (索引67)
    0xE7, 0xAD, 0x89,  // "等" (索引68)
    0xE9, 0x83, 0xA8,  // "部" (索引69)
    0xE5, 0xBA, 0xA6,  // "度" (索引70)
    0xE5, 0xAE, 0xB6,  // "家" (索引71)
    0xE7, 0x94, 0xB5,  // "电" (索引72)
    0xE5, 0x8A, 0x9B,  // "力" (索引73)
    0xE9, 0x87, 0x8C,  // "里" (索引74)
    0xE5, 0xA6, 0x82,  // "如" (索引75)
    0xE6, 0xB0, 0xB4,  // "水" (索引76)
    0xE5, 0x8C, 0x96,  // "化" (索引77)
    0xE9, 0xAB, 0x98,  // "高" (索引78)
    0xE8, 0x87, 0xAA,  // "自" (索引79)
    0xE4, 0xBA, 0x8C,  // "二" (索引80)
    0xE7, 0x90, 0x86,  // "理" (索引81)
    0xE8, 0xB5, 0xB7,  // "起" (索引82)
    0xE5, 0xB0, 0x8F,  // "小" (索引83)
    0xE7, 0x89, 0xA9,  // "物" (索引84)
    0xE7, 0x8E, 0xB0,  // "现" (索引85)
    0xE5, 0xAE, 0x9E,  // "实" (索引86)
    0xE5, 0x8A, 0xA0,  // "加" (索引87)
    0xE9, 0x87, 0x8F,  // "量" (索引88)
    0xE9, 0x83, 0xBD,  // "都" (索引89)
    0xE4, 0xB8, 0xA4,  // "两" (索引90)
    0xE4, 0xBD, 0x93,  // "体" (索引91)
    0xE5, 0x88, 0xB6,  // "制" (索引92)
    0xE6, 0x9C, 0xBA,  // "机" (索引93)
    0xE5, 0xBD, 0x93,  // "当" (索引94)
    0xE4, 0xBD, 0xBF,  // "使" (索引95)
    0xE7, 0x82, 0xB9,  // "点" (索引96)
    0xE4, 0xBB, 0x8E,  // "从" (索引97)
    0xE4, 0xB8, 0x9A,  // "业" (索引98)
    0xE6, 0x9C, 0xAC,  // "本" (索引99)
    0xE5, 0x8E, 0xBB,  // "去" (索引100)
    0xE6, 0x8A, 0x8A,  // "把" (索引101)
    0xE6, 0x80, 0xA7,  // "性" (索引102)
    0xE5, 0xA5, 0xBD,  // "好" (索引103)
    0xE5, 0xBA, 0x94,  // "应" (索引104)
    0xE5, 0xBC, 0x80,  // "开" (索引105)
    0xE5, 0xAE, 0x83,  // "它" (索引106)
    0xE5, 0x90, 0x88,  // "合" (索引107)
    0xE8, 0xBF, 0x98,  // "还" (索引108)
    0xE5, 0x9B, 0xA0,  // "因" (索引109)
    0xE7, 0x94, 0xB1,  // "由" (索引110)
    0xE5, 0x85, 0xB6,  // "其" (索引111)
    0xE4, 0xBA, 0x9B,  // "些" (索引112)
    0xE7, 0x84, 0xB6,  // "然" (索引113)
    0xE5, 0x89, 0x8D,  // "前" (索引114)
    0xE5, 0xA4, 0x96,  // "外" (索引115)
    0xE5, 0xA4, 0xA9,  // "天" (索引116)
    0xE6, 0x94, 0xBF,  // "政" (索引117)
    0xE5, 0x9B, 0x9B,  // "四" (索引118)
    0xE6, 0x97, 0xA5,  // "日" (索引119)
    0xE9, 0x82, 0xA3,  // "那" (索引120)
    0xE7, 0xA4, 0xBE,  // "社" (索引121)
    0xE4, 0xB9, 0x89,  // "义" (索引122)
    0xE4, 0xBA, 0x8B,  // "事" (索引123)
    0xE5, 0xB9, 0xB3,  // "平" (索引124)
    0xE5, 0xBD, 0xA2,  // "形" (索引125)
    0xE7, 0x9B, 0xB8,  // "相" (索引126)
    0xE5, 0x85, 0xA8,  // "全" (索引127)
    0xE8, 0xA1, 0xA8,  // "表" (索引128)
    0xE9, 0x97, 0xB4,  // "间" (索引129)
    0xE6, 0xA0, 0xB7,  // "样" (索引130)
    0xE4, 0xB8, 0x8E,  // "与" (索引131)
    0xE5, 0x85, 0xB3,  // "关" (索引132)
    0xE5, 0x90, 0x84,  // "各" (索引133)
    0xE9, 0x87, 0x8D,  // "重" (索引134)
    0xE6, 0x96, 0xB0,  // "新" (索引135)
    0xE7, 0xBA, 0xBF,  // "线" (索引136)
    0xE5, 0x86, 0x85,  // "内" (索引137)
    0xE6, 0x95, 0xB0,  // "数" (索引138)
    0xE6, 0xAD, 0xA3,  // "正" (索引139)
    0xE5, 0xBF, 0x83,  // "心" (索引140)
    0xE5, 0x8F, 0x8D,  // "反" (索引141)
    0xE4, 0xBD, 0xA0,  // "你" (索引142)
    0xE6, 0x98, 0x8E,  // "明" (索引143)
    0xE7, 0x9C, 0x8B,  // "看" (索引144)
    0xE5, 0x8E, 0x9F,  // "原" (索引145)
    0xE5, 0x8F, 0x88,  // "又" (索引146)
    0xE4, 0xB9, 0x88,  // "么" (索引147)
    0xE5, 0x88, 0xA9,  // "利" (索引148)
    0xE6, 0xAF, 0x94,  // "比" (索引149)
    0xE6, 0x88, 0x96,  // "或" (索引150)
    0xE4, 0xBD, 0x86,  // "但" (索引151)
    0xE8, 0xB4, 0xA8,  // "质" (索引152)
    0xE6, 0xB0, 0x94,  // "气" (索引153)
    0xE7, 0xAC, 0xAC,  // "第" (索引154)
    0xE5, 0x90, 0x91,  // "向" (索引155)
    0xE9, 0x81, 0x93,  // "道" (索引156)
    0xE5, 0x91, 0xBD,  // "命" (索引157)
    0xE6, 0xAD, 0xA4,  // "此" (索引158)
    0xE5, 0x8F, 0x98,  // "变" (索引159)
    0xE6, 0x9D, 0xA1,  // "条" (索引160)
    0xE5, 0x8F, 0xAA,  // "只" (索引161)
    0xE6, 0xB2, 0xA1,  // "没" (索引162)
    0xE7, 0xBB, 0x93,  // "结" (索引163)
    0xE8, 0xA7, 0xA3,  // "解" (索引164)
    0xE9, 0x97, 0xAE,  // "问" (索引165)
    0xE6, 0x84, 0x8F,  // "意" (索引166)
    0xE5, 0xBB, 0xBA,  // "建" (索引167)
    0xE6, 0x9C, 0x88,  // "月" (索引168)
    0xE5, 0x85, 0xAC,  // "公" (索引169)
    0xE6, 0x97, 0xA0,  // "无" (索引170)
    0xE7, 0xB3, 0xBB,  // "系" (索引171)
    0xE5, 0x86, 0x9B,  // "军" (索引172)
    0xE5, 0xBE, 0x88,  // "很" (索引173)
    0xE6, 0x83, 0x85,  // "情" (索引174)
    0xE8, 0x80, 0x85,  // "者" (索引175)
    0xE6, 0x9C, 0x80,  // "最" (索引176)
    0xE7, 0xAB, 0x8B,  // "立" (索引177)
    0xE4, 0xBB, 0xA3,  // "代" (索引178)
    0xE6, 0x83, 0xB3,  // "想" (索引179)
    0xE5, 0xB7, 0xB2,  // "已" (索引180)
    0xE9, 0x80, 0x9A,  // "通" (索引181)
    0xE5, 0xB9, 0xB6,  // "并" (索引182)
    0xE6, 0x8F, 0x90,  // "提" (索引183)
    0xE7, 0x9B, 0xB4,  // "直" (索引184)
    0xE9, 0xA2, 0x98,  // "题" (索引185)
    0xE5, 0x85, 0x9A,  // "党" (索引186)
    0xE7, 0xA8, 0x8B,  // "程" (索引187)
    0xE5, 0xB1, 0x95,  // "展" (索引188)
    0xE4, 0xBA, 0x94,  // "五" (索引189)
    0xE6, 0x9E, 0x9C,  // "果" (索引190)
    0xE6, 0x96, 0x99,  // "料" (索引191)
    0xE8, 0xB1, 0xA1,  // "象" (索引192)
    0xE5, 0x91, 0x98,  // "员" (索引193)
    0xE9, 0x9D, 0xA9,  // "革" (索引194)
    0xE4, 0xBD, 0x8D,  // "位" (索引195)
    0xE5, 0x85, 0xA5,  // "入" (索引196)
    0xE5, 0xB8, 0xB8,  // "常" (索引197)
    0xE6, 0x96, 0x87,  // "文" (索引198)
    0xE6, 0x80, 0xBB,  // "总" (索引199)
    0xE6, 0xAC, 0xA1,  // "次" (索引200)
    0xE5, 0x93, 0x81,  // "品" (索引201)
    0xE5, 0xBC, 0x8F,  // "式" (索引202)
    0xE6, 0xB4, 0xBB,  // "活" (索引203)
    0xE8, 0xAE, 0xBE,  // "设" (索引204)
    0xE5, 0x8F, 0x8A,  // "及" (索引205)
    0xE7, 0xAE, 0xA1,  // "管" (索引206)
    0xE7, 0x89, 0xB9,  // "特" (索引207)
    0xE4, 0xBB, 0xB6,  // "件" (索引208)
    0xE9, 0x95, 0xBF,  // "长" (索引209)
    0xE6, 0xB1, 0x82,  // "求" (索引210)
    0xE8, 0x80, 0x81,  // "老" (索引211)
    0xE5, 0xA4, 0xB4,  // "头" (索引212)
    0xE5, 0x9F, 0xBA,  // "基" (索引213)
    0xE8, 0xB5, 0x84,  // "资" (索引214)
    0xE8, 0xBE, 0xB9,  // "边" (索引215)
    0xE6, 0xB5, 0x81,  // "流" (索引216)
    0xE8, 0xB7, 0xAF,  // "路" (索引217)
    0xE7, 0xBA, 0xA7,  // "级" (索引218)
    0xE5, 0xB0, 0x91,  // "少" (索引219)
    0xE5, 0x9B, 0xBE,  // "图" (索引220)
    0xE5, 0xB1, 0xB1,  // "山" (索引221)
    0xE7, 0xBB, 0x9F,  // "统" (索引222)
    0xE6, 0x8E, 0xA5,  // "接" (索引223)
    0xE7, 0x9F, 0xA5,  // "知" (索引224)
    0xE8, 0xBE, 0x83,  // "较" (索引225)
    0xE5, 0xB0, 0x86,  // "将" (索引226)
    0xE7, 0xBB, 0x84,  // "组" (索引227)
    0xE8, 0xA7, 0x81,  // "见" (索引228)
    0xE8, 0xAE, 0xA1,  // "计" (索引229)
    0xE5, 0x88, 0xAB,  // "别" (索引230)
    0xE5, 0xA5, 0xB9,  // "她" (索引231)
    0xE6, 0x89, 0x8B,  // "手" (索引232)
    0xE8, 0xA7, 0x92,  // "角" (索引233)
    0xE6, 0x9C, 0x9F,  // "期" (索引234)
    0xE6, 0xA0, 0xB9,  // "根" (索引235)
    0xE8, 0xAE, 0xBA,  // "论" (索引236)
    0xE8, 0xBF, 0x90,  // "运" (索引237)
    0xE5, 0x86, 0x9C,  // "农" (索引238)
    0xE6, 0x8C, 0x87,  // "指" (索引239)
    0xE5, 0x87, 0xA0,  // "几" (索引240)
    0xE4, 0xB9, 0x9D,  // "九" (索引241)
    0xE5, 0x8C, 0xBA,  // "区" (索引242)
    0xE5, 0xBC, 0xBA,  // "强" (索引243)
    0xE6, 0x94, 0xBE,  // "放" (索引244)
    0xE5, 0x86, 0xB3,  // "决" (索引245)
    0xE8, 0xA5, 0xBF,  // "西" (索引246)
    0xE8, 0xA2, 0xAB,  // "被" (索引247)
    0xE5, 0xB9, 0xB2,  // "干" (索引248)
    0xE5, 0x81, 0x9A,  // "做" (索引249)
    0xE5, 0xBF, 0x85,  // "必" (索引250)
    0xE6, 0x88, 0x98,  // "战" (索引251)
    0xE5, 0x85, 0x88,  // "先" (索引252)
    0xE5, 0x9B, 0x9E,  // "回" (索引253)
    0xE5, 0x88, 0x99,  // "则" (索引254)
    0xE4, 0xBB, 0xBB,  // "任" (索引255)
    0xE5, 0x8F, 0x96,  // "取" (索引256)
    0xE6, 0x8D, 0xAE,  // "据" (索引257)
    0xE5, 0xA4, 0x84,  // "处" (索引258)
    0xE9, 0x98, 0x9F,  // "队" (索引259)
    0xE5, 0x8D, 0x97,  // "南" (索引260)
    0xE7, 0xBB, 0x99,  // "给" (索引261)
    0xE8, 0x89, 0xB2,  // "色" (索引262)
    0xE5, 0x85, 0x89,  // "光" (索引263)
    0xE9, 0x97, 0xA8,  // "门" (索引264)
    0xE5, 0x8D, 0xB3,  // "即" (索引265)
    0xE4, 0xBF, 0x9D,  // "保" (索引266)
    0xE6, 0xB2, 0xBB,  // "治" (索引267)
    0xE5, 0x8C, 0x97,  // "北" (索引268)
    0xE9, 0x80, 0xA0,  // "造" (索引269)
    0xE7, 0x99, 0xBE,  // "百" (索引270)
    0xE8, 0xA7, 0x84,  // "规" (索引271)
    0xE7, 0x83, 0xAD,  // "热" (索引272)
    0xE9, 0xA2, 0x86,  // "领" (索引273)
    0xE4, 0xB8, 0x83,  // "七" (索引274)
    0xE6, 0xB5, 0xB7,  // "海" (索引275)
    0xE5, 0x8F, 0xA3,  // "口" (索引276)
    0xE4, 0xB8, 0x9C,  // "东" (索引277)
    0xE5, 0xAF, 0xBC,  // "导" (索引278)
    0xE5, 0x99, 0xA8,  // "器" (索引279)
    0xE5, 0x8E, 0x8B,  // "压" (索引280)
    0xE5, 0xBF, 0x97,  // "志" (索引281)
    0xE4, 0xB8, 0x96,  // "世" (索引282)
    0xE9, 0x87, 0x91,  // "金" (索引283)
    0xE5, 0xA2, 0x9E,  // "增" (索引284)
    0xE4, 0xBA, 0x89,  // "争" (索引285)
    0xE6, 0xB5, 0x8E,  // "济" (索引286)
    0xE9, 0x98, 0xB6,  // "阶" (索引287)
    0xE6, 0xB2, 0xB9,  // "油" (索引288)
    0xE6, 0x80, 0x9D,  // "思" (索引289)
    0xE6, 0x9C, 0xAF,  // "术" (索引290)
    0xE6, 0x9E, 0x81,  // "极" (索引291)
    0xE4, 0xBA, 0xA4,  // "交" (索引292)
    0xE5, 0x8F, 0x97,  // "受" (索引293)
    0xE8, 0x81, 0x94,  // "联" (索引294)
    0xE4, 0xBB, 0x80,  // "什" (索引295)
    0xE8, 0xAE, 0xA4,  // "认" (索引296)
    0xE5, 0x85, 0xAD,  // "六" (索引297)
    0xE5, 0x85, 0xB1,  // "共" (索引298)
    0xE6, 0x9D, 0x83,  // "权" (索引299)
    0xE6, 0x94, 0xB6,  // "收" (索引300)
    0xE8, 0xAF, 0x81,  // "证" (索引301)
    0xE6, 0x94, 0xB9,  // "改" (索引302)
    0xE6, 0xB8, 0x85,  // "清" (索引303)
    0xE5, 0xB7, 0xB1,  // "己" (索引304)
    0xE7, 0xBE, 0x8E,  // "美" (索引305)
    0xE5, 0x86, 0x8D,  // "再" (索引306)
    0xE9, 0x87, 0x87,  // "采" (索引307)
    0xE8, 0xBD, 0xAC,  // "转" (索引308)
    0xE6, 0x9B, 0xB4,  // "更" (索引309)
    0xE5, 0x8D, 0x95,  // "单" (索引310)
    0xE9, 0xA3, 0x8E,  // "风" (索引311)
    0xE5, 0x88, 0x87,  // "切" (索引312)
    0xE6, 0x89, 0x93,  // "打" (索引313)
    0xE7, 0x99, 0xBD,  // "白" (索引314)
    0xE6, 0x95, 0x99,  // "教" (索引315)
    0xE9, 0x80, 0x9F,  // "速" (索引316)
    0xE8, 0x8A, 0xB1,  // "花" (索引317)
    0xE5, 0xB8, 0xA6,  // "带" (索引318)
    0xE5, 0xAE, 0x89,  // "安" (索引319)
    0xE5, 0x9C, 0xBA,  // "场" (索引320)
    0xE8, 0xBA, 0xAB,  // "身" (索引321)
    0xE8, 0xBD, 0xA6,  // "车" (索引322)
    0xE4, 0xBE, 0x8B,  // "例" (索引323)
    0xE7, 0x9C, 0x9F,  // "真" (索引324)
    0xE5, 0x8A, 0xA1,  // "务" (索引325)
    0xE5, 0x85, 0xB7,  // "具" (索引326)
    0xE4, 0xB8, 0x87,  // "万" (索引327)
    0xE6, 0xAF, 0x8F,  // "每" (索引328)
    0xE7, 0x9B, 0xAE,  // "目" (索引329)
    0xE8, 0x87, 0xB3,  // "至" (索引330)
    0xE8, 0xBE, 0xBE,  // "达" (索引331)
    0xE8, 0xB5, 0xB0,  // "走" (索引332)
    0xE7, 0xA7, 0xAF,  // "积" (索引333)
    0xE7, 0xA4, 0xBA,  // "示" (索引334)
    0xE8, 0xAE, 0xAE,  // "议" (索引335)
    0xE5, 0xA3, 0xB0,  // "声" (索引336)
    0xE6, 0x8A, 0xA5,  // "报" (索引337)
    0xE6, 0x96, 0x97,  // "斗" (索引338)
    0xE5, 0xAE, 0x8C,  // "完" (索引339)
    0xE7, 0xB1, 0xBB,  // "类" (索引340)
    0xE5, 0x85, 0xAB,  // "八" (索引341)
    0xE7, 0xA6, 0xBB,  // "离" (索引342)
    0xE5, 0x8D, 0x8E,  // "华" (索引343)
    0xE5, 0x90, 0x8D,  // "名" (索引344)
    0xE7, 0xA1, 0xAE,  // "确" (索引345)
    0xE6, 0x89, 0x8D,  // "才" (索引346)
    0xE7, 0xA7, 0x91,  // "科" (索引347)
    0xE5, 0xBC, 0xA0,  // "张" (索引348)
    0xE4, 0xBF, 0xA1,  // "信" (索引349)
    0xE9, 0xA9, 0xAC,  // "马" (索引350)
    0xE8, 0x8A, 0x82,  // "节" (索引351)
    0xE8, 0xAF, 0x9D,  // "话" (索引352)
    0xE7, 0xB1, 0xB3,  // "米" (索引353)
    0xE6, 0x95, 0xB4,  // "整" (索引354)
    0xE7, 0xA9, 0xBA,  // "空" (索引355)
    0xE5, 0x85, 0x83,  // "元" (索引356)
    0xE5, 0x86, 0xB5,  // "况" (索引357)
    0xE4, 0xBB, 0x8A,  // "今" (索引358)
    0xE9, 0x9B, 0x86,  // "集" (索引359)
    0xE6, 0xB8, 0xA9,  // "温" (索引360)
    0xE4, 0xBC, 0xA0,  // "传" (索引361)
    0xE5, 0x9C, 0x9F,  // "土" (索引362)
    0xE8, 0xAE, 0xB8,  // "许" (索引363)
    0xE6, 0xAD, 0xA5,  // "步" (索引364)
    0xE7, 0xBE, 0xA4,  // "群" (索引365)
    0xE5, 0xB9, 0xBF,  // "广" (索引366)
    0xE7, 0x9F, 0xB3,  // "石" (索引367)
    0xE8, 0xAE, 0xB0,  // "记" (索引368)
    0xE9, 0x9C, 0x80,  // "需" (索引369)
    0xE6, 0xAE, 0xB5,  // "段" (索引370)
    0xE7, 0xA0, 0x94,  // "研" (索引371)
    0xE7, 0x95, 0x8C,  // "界" (索引372)
    0xE6, 0x8B, 0x89,  // "拉" (索引373)
    0xE6, 0x9E, 0x97,  // "林" (索引374)
    0xE5, 0xBE, 0x8B,  // "律" (索引375)
    0xE5, 0x8F, 0xAB,  // "叫" (索引376)
    0xE4, 0xB8, 0x94,  // "且" (索引377)
    0xE7, 0xA9, 0xB6,  // "究" (索引378)
    0xE8, 0xA7, 0x82,  // "观" (索引379)
    0xE8, 0xB6, 0x8A,  // "越" (索引380)
    0xE7, 0xBB, 0x87,  // "织" (索引381)
    0xE8, 0xA3, 0x85,  // "装" (索引382)
    0xE5, 0xBD, 0xB1,  // "影" (索引383)
    0xE7, 0xAE, 0x97,  // "算" (索引384)
    0xE4, 0xBD, 0x8E,  // "低" (索引385)
    0xE6, 0x8C, 0x81,  // "持" (索引386)
    0xE9, 0x9F, 0xB3,  // "音" (索引387)
    0xE4, 0xBC, 0x97,  // "众" (索引388)
    0xE4, 0xB9, 0xA6,  // "书" (索引389)
    0xE5, 0xB8, 0x83,  // "布" (索引390)
    0xE5, 0xA4, 0x8D,  // "复" (索引391)
    0xE5, 0xAE, 0xB9,  // "容" (索引392)
    0xE5, 0x84, 0xBF,  // "儿" (索引393)
    0xE9, 0xA1, 0xBB,  // "须" (索引394)
    0xE9, 0x99, 0x85,  // "际" (索引395)
    0xE5, 0x95, 0x86,  // "商" (索引396)
    0xE9, 0x9D, 0x9E,  // "非" (索引397)
    0xE9, 0xAA, 0x8C,  // "验" (索引398)
    0xE8, 0xBF, 0x9E,  // "连" (索引399)
    0xE6, 0x96, 0xAD,  // "断" (索引400)
    0xE6, 0xB7, 0xB1,  // "深" (索引401)
    0xE9, 0x9A, 0xBE,  // "难" (索引402)
    0xE8, 0xBF, 0x91,  // "近" (索引403)
    0xE7, 0x9F, 0xBF,  // "矿" (索引404)
    0xE5, 0x8D, 0x83,  // "千" (索引405)
    0xE5, 0x91, 0xA8,  // "周" (索引406)
    0xE5, 0xA7, 0x94,  // "委" (索引407)
    0xE7, 0xB4, 0xA0,  // "素" (索引408)
    0xE6, 0x8A, 0x80,  // "技" (索引409)
    0xE5, 0xA4, 0x87,  // "备" (索引410)
    0xE5, 0x8D, 0x8A,  // "半" (索引411)
    0xE5, 0x8A, 0x9E,  // "办" (索引412)
    0xE9, 0x9D, 0x92,  // "青" (索引413)
    0xE7, 0x9C, 0x81,  // "省" (索引414)
    0xE5, 0x88, 0x97,  // "列" (索引415)
    0xE4, 0xB9, 0xA0,  // "习" (索引416)
    0xE5, 0x93, 0x8D,  // "响" (索引417)
    0xE7, 0xBA, 0xA6,  // "约" (索引418)
    0xE6, 0x94, 0xAF,  // "支" (索引419)
    0xE8, 0x88, 0xAC,  // "般" (索引420)
    0xE5, 0x8F, 0xB2,  // "史" (索引421)
    0xE6, 0x84, 0x9F,  // "感" (索引422)
    0xE5, 0x8A, 0xB3,  // "劳" (索引423)
    0xE4, 0xBE, 0xBF,  // "便" (索引424)
    0xE5, 0x9B, 0xA2,  // "团" (索引425)
    0xE5, 0xBE, 0x80,  // "往" (索引426)
    0xE9, 0x85, 0xB8,  // "酸" (索引427)
    0xE5, 0x8E, 0x86,  // "历" (索引428)
    0xE5, 0xB8, 0x82,  // "市" (索引429)
    0xE5, 0x85, 0x8B,  // "克" (索引430)
    0xE4, 0xBD, 0x95,  // "何" (索引431)
    0xE9, 0x99, 0xA4,  // "除" (索引432)
    0xE6, 0xB6, 0x88,  // "消" (索引433)
    0xE6, 0x9E, 0x84,  // "构" (索引434)
    0xE5, 0xBA, 0x9C,  // "府" (索引435)
    0xE7, 0xA7, 0xB0,  // "称" (索引436)
    0xE5, 0xA4, 0xAA,  // "太" (索引437)
    0xE5, 0x87, 0x86,  // "准" (索引438)
    0xE7, 0xB2, 0xBE,  // "精" (索引439)
    0xE5, 0x80, 0xBC,  // "值" (索引440)
    0xE5, 0x8F, 0xB7,  // "号" (索引441)
    0xE7, 0x8E, 0x87,  // "率" (索引442)
    0xE6, 0x97, 0x8F,  // "族" (索引443)
    0xE7, 0xBB, 0xB4,  // "维" (索引444)
    0xE5, 0x88, 0x92,  // "划" (索引445)
    0xE9, 0x80, 0x89,  // "选" (索引446)
    0xE6, 0xA0, 0x87,  // "标" (索引447)
    0xE5, 0x86, 0x99,  // "写" (索引448)
    0xE5, 0xAD, 0x98,  // "存" (索引449)
    0xE5, 0x80, 0x99,  // "候" (索引450)
    0xE6, 0xAF, 0x9B,  // "毛" (索引451)
    0xE4, 0xBA, 0xB2,  // "亲" (索引452)
    0xE5, 0xBF, 0xAB,  // "快" (索引453)
    0xE6, 0x95, 0x88,  // "效" (索引454)
    0xE6, 0x96, 0xAF,  // "斯" (索引455)
    0xE9, 0x99, 0xA2,  // "院" (索引456)
    0xE6, 0x9F, 0xA5,  // "查" (索引457)
    0xE6, 0xB1, 0x9F,  // "江" (索引458)
    0xE5, 0x9E, 0x8B,  // "型" (索引459)
    0xE7, 0x9C, 0xBC,  // "眼" (索引460)
    0xE7, 0x8E, 0x8B,  // "王" (索引461)
    0xE6, 0x8C, 0x89,  // "按" (索引462)
    0xE6, 0xA0, 0xBC,  // "格" (索引463)
    0xE5, 0x85, 0xBB,  // "养" (索引464)
    0xE6, 0x98, 0x93,  // "易" (索引465)
    0xE7, 0xBD, 0xAE,  // "置" (索引466)
    0xE6, 0xB4, 0xBE,  // "派" (索引467)
    0xE5, 0xB1, 0x82,  // "层" (索引468)
    0xE7, 0x89, 0x87,  // "片" (索引469)
    0xE5, 0xA7, 0x8B,  // "始" (索引470)
    0xE5, 0x8D, 0xB4,  // "却" (索引471)
    0xE4, 0xB8, 0x93,  // "专" (索引472)
    0xE7, 0x8A, 0xB6,  // "状" (索引473)
    0xE8, 0x82, 0xB2,  // "育" (索引474)
    0xE5, 0x8E, 0x82,  // "厂" (索引475)
    0xE4, 0xBA, 0xAC,  // "京" (索引476)
    0xE8, 0xAF, 0x86,  // "识" (索引477)
    0xE9, 0x80, 0x82,  // "适" (索引478)
    0xE5, 0xB1, 0x9E,  // "属" (索引479)
    0xE5, 0x9C, 0x86,  // "圆" (索引480)
    0xE5, 0x8C, 0x85,  // "包" (索引481)
    0xE7, 0x81, 0xAB,  // "火" (索引482)
    0xE4, 0xBD, 0x8F,  // "住" (索引483)
    0xE8, 0xB0, 0x83,  // "调" (索引484)
    0xE6, 0xBB, 0xA1,  // "满" (索引485)
    0xE5, 0x8E, 0xBF,  // "县" (索引486)
    0xE5, 0xB1, 0x80,  // "局" (索引487)
    0xE7, 0x85, 0xA7,  // "照" (索引488)
    0xE5, 0x8F, 0x82,  // "参" (索引489)
    0xE7, 0xBA, 0xA2,  // "红" (索引490)
    0xE7, 0xBB, 0x86,  // "细" (索引491)
    0xE5, 0xBC, 0x95,  // "引" (索引492)
    0xE5, 0x90, 0xAC,  // "听" (索引493)
    0xE8, 0xAF, 0xA5,  // "该" (索引494)
    0xE9, 0x93, 0x81,  // "铁" (索引495)
    0xE4, 0xBB, 0xB7,  // "价" (索引496)
    0xE4, 0xB8, 0xA5,  // "严" (索引497)
    0xE9, 0xBE, 0x99,  // "龙" (索引498)
    0xE9, 0xA3, 0x9E,  // "飞" (索引499)
    0xE5, 0x88, 0x98,  // "刘" (索引500)
    0xE4, 0xB8, 0xBD,  // "丽" (索引501)
    0xE6, 0x9D, 0xB0,  // "杰" (索引502)
};
#define CN_FONT_CHAR_COUNT  503

const uint8_t CN_Font[][32] = {

// "的" (索引0)
{0x00,0xF8,0x0C,0x0B,0x08,0x08,0xF8,0x40,0x30,0x8F,0x08,0x08,0x08,0xF8,0x00,0x00,
 0x00,0x7F,0x21,0x21,0x21,0x21,0x7F,0x00,0x00,0x00,0x43,0x80,0x40,0x3F,0x00,0x00},

// "一" (索引1)
{0x10,0x10,0x10,0x10,0x10,0x10,0x10,0x10,0x10,0x10,0x10,0x10,0x10,0x10,0x10,0x00,
 0x00,0x00,0x00,0x00,0x00,0x00,0x00,0x00,0x00,0x00,0x00,0x00,0x00,0x00,0x00,0x00},

// "是" (索引2)
{0x00,0x00,0x00,0x7F,0x49,0x49,0x49,0x49,0x49,0x49,0x49,0x7F,0x00,0x00,0x00,0x00,
 0x81,0x41,0x21,0x1D,0x21,0x41,0x81,0xFF,0x89,0x89,0x89,0x89,0x89,0x81,0x81,0x00},

// "在" (索引3)
{0x08,0x08,0x88,0xC8,0x38,0x0C,0x0B,0x08,0x08,0xE8,0x08,0x08,0x08,0x08,0x08,0x00,
 0x02,0x01,0x00,0xFF,0x40,0x41,0x41,0x41,0x41,0x7F,0x41,0x41,0x41,0x41,0x40,0x00},

// "不" (索引4)
{0x00,0x01,0x01,0x01,0x81,0x41,0x21,0xF9,0x07,0x21,0x41,0x81,0x01,0x01,0x00,0x00,
 0x08,0x04,0x02,0x01,0x00,0x00,0x00,0x7F,0x00,0x00,0x00,0x00,0x01,0x06,0x00,0x00},

// "了" (索引5)
{0x00,0x01,0x01,0x01,0x01,0x01,0x01,0xF1,0x11,0x09,0x05,0x03,0x01,0x00,0x00,0x00,
 0x00,0x00,0x00,0x00,0x00,0x20,0x40,0x3F,0x00,0x00,0x00,0x00,0x00,0x00,0x00,0x00},

// "有" (索引6)
{0x04,0x04,0x04,0x84,0xE4,0x3C,0x27,0x24,0x24,0x24,0x24,0xE4,0x04,0x04,0x04,0x00,
 0x04,0x02,0x01,0x00,0xFF,0x09,0x09,0x09,0x09,0x49,0x89,0x7F,0x00,0x00,0x00,0x00},

// "和" (索引7)
{0x20,0x24,0x24,0xA4,0xFE,0x23,0x22,0x20,0x00,0xF8,0x08,0x08,0x08,0xF8,0x00,0x00,
 0x10,0x08,0x06,0x01,0xFF,0x01,0x06,0x00,0x00,0x3F,0x10,0x10,0x10,0x3F,0x00,0x00},

// "人" (索引8)
{0x00,0x00,0x00,0x00,0x00,0x00,0xC0,0x3F,0xC0,0x00,0x00,0x00,0x00,0x00,0x00,0x00,
 0x80,0x40,0x20,0x10,0x0C,0x03,0x00,0x00,0x00,0x03,0x0C,0x10,0x20,0x40,0x80,0x00},

// "这" (索引9)
{0x40,0x40,0x42,0xCC,0x00,0x08,0x28,0x48,0x89,0x0E,0xC8,0x38,0x08,0x08,0x00,0x00,
 0x00,0x40,0x20,0x1F,0x20,0x50,0x48,0x44,0x42,0x41,0x42,0x44,0x58,0x40,0x40,0x00},

// "中" (索引10)
{0x00,0x00,0xF0,0x10,0x10,0x10,0x10,0xFF,0x10,0x10,0x10,0x10,0xF0,0x00,0x00,0x00,
 0x00,0x00,0x0F,0x04,0x04,0x04,0x04,0xFF,0x04,0x04,0x04,0x04,0x0F,0x00,0x00,0x00},

// "大" (索引11)
{0x20,0x20,0x20,0x20,0x20,0x20,0x20,0xFF,0x20,0x20,0x20,0x20,0x20,0x20,0x20,0x00,
 0x80,0x80,0x40,0x20,0x10,0x0C,0x03,0x00,0x03,0x0C,0x10,0x20,0x40,0x80,0x80,0x00},

// "为" (索引12)
{0x00,0x20,0x22,0x2C,0x20,0x20,0xE0,0x3F,0x20,0x20,0x20,0x20,0xE0,0x00,0x00,0x00,
 0x80,0x40,0x20,0x10,0x08,0x06,0x01,0x00,0x01,0x46,0x80,0x40,0x3F,0x00,0x00,0x00},

// "上" (索引13)
{0x00,0x00,0x00,0x00,0x00,0x00,0xFF,0x40,0x40,0x40,0x40,0x40,0x40,0x00,0x00,0x00,
 0x40,0x40,0x40,0x40,0x40,0x40,0x7F,0x40,0x40,0x40,0x40,0x40,0x40,0x40,0x40,0x00},

// "个" (索引14)
{0x80,0x80,0x40,0x20,0x10,0x08,0x04,0xC3,0x04,0x08,0x10,0x20,0x40,0x80,0x80,0x00,
 0x00,0x00,0x00,0x00,0x00,0x00,0x00,0xFF,0x00,0x00,0x00,0x00,0x00,0x00,0x00,0x00},

// "国" (索引15)
{0x00,0xFF,0x01,0x09,0x49,0x49,0x49,0xF9,0x49,0x49,0x49,0x09,0x01,0xFF,0x00,0x00,
 0x00,0x7F,0x20,0x24,0x24,0x24,0x24,0x27,0x24,0x25,0x26,0x24,0x20,0x7F,0x00,0x00},

// "我" (索引16)
{0x20,0x24,0x24,0x24,0xFE,0x23,0x22,0x20,0x20,0xFF,0x20,0x22,0x2C,0xA0,0x20,0x00,
 0x00,0x08,0x48,0x84,0x7F,0x02,0x41,0x40,0x20,0x13,0x0C,0x14,0x22,0x41,0xF8,0x00},

// "以" (索引17)
{0x00,0x00,0xFC,0x00,0x00,0x02,0x04,0x18,0x00,0x00,0x80,0x7F,0x00,0x00,0x00,0x00,
 0x00,0x00,0x3F,0x10,0x08,0x84,0x40,0x20,0x10,0x0C,0x03,0x08,0x10,0x20,0xC0,0x00},

// "要" (索引18)
{0x00,0x01,0x79,0x49,0x49,0x7F,0xC9,0x49,0x49,0x7F,0x49,0x49,0x79,0x01,0x00,0x00,
 0x00,0x01,0x41,0x49,0x4D,0x2B,0x31,0x11,0x19,0x25,0x23,0x21,0x41,0x01,0x00,0x00},

// "他" (索引19)
{0x00,0x80,0x60,0xF8,0x87,0x80,0xFC,0x40,0x20,0xFF,0x10,0x08,0xF8,0x00,0x00,0x00,
 0x01,0x00,0x00,0xFF,0x00,0x00,0x3F,0x40,0x40,0x4F,0x40,0x44,0x47,0x40,0x78,0x00},

// "时" (索引20)
{0x00,0xFC,0x84,0x84,0x84,0xFC,0x00,0x10,0x10,0x10,0x10,0x10,0xFF,0x10,0x10,0x00,
 0x00,0x3F,0x10,0x10,0x10,0x3F,0x00,0x00,0x01,0x06,0x40,0x80,0x7F,0x00,0x00,0x00},

// "来" (索引21)
{0x00,0x08,0x08,0x28,0xC8,0x08,0x08,0xFF,0x08,0x08,0x88,0x68,0x08,0x08,0x00,0x00,
 0x21,0x21,0x11,0x11,0x09,0x05,0x03,0xFF,0x03,0x05,0x09,0x11,0x11,0x21,0x21,0x00},

// "用" (索引22)
{0x00,0x00,0xFF,0x11,0x11,0x11,0x11,0xFF,0x11,0x11,0x11,0x11,0xFF,0x00,0x00,0x00,
 0x40,0x30,0x0F,0x01,0x01,0x01,0x01,0x3F,0x01,0x01,0x21,0x41,0x3F,0x00,0x00,0x00},

// "们" (索引23)
{0x00,0x80,0x60,0xF8,0x07,0x00,0xF8,0x01,0x06,0x00,0x04,0x04,0x04,0xFC,0x00,0x00,
 0x01,0x00,0x00,0xFF,0x00,0x00,0xFF,0x00,0x00,0x00,0x00,0x40,0x80,0x7F,0x00,0x00},

// "生" (索引24)
{0x80,0x40,0x30,0x1E,0x10,0x10,0x10,0xFF,0x10,0x10,0x10,0x10,0x10,0x10,0x00,0x00,
 0x40,0x40,0x42,0x42,0x42,0x42,0x42,0x7F,0x42,0x42,0x42,0x42,0x42,0x40,0x40,0x00},

// "到" (索引25)
{0x42,0x62,0x52,0x4A,0xC6,0x42,0x52,0x62,0xC2,0x00,0xF8,0x00,0x00,0xFF,0x00,0x00,
 0x40,0xC4,0x44,0x44,0x7F,0x24,0x24,0x24,0x20,0x00,0x0F,0x40,0x80,0x7F,0x00,0x00},

// "作" (索引26)
{0x00,0x80,0x60,0xF8,0x07,0x40,0x30,0x0F,0xF8,0x88,0x88,0x88,0x88,0x08,0x08,0x00,
 0x01,0x00,0x00,0xFF,0x00,0x00,0x00,0x00,0xFF,0x08,0x08,0x08,0x08,0x08,0x00,0x00},

// "地" (索引27)
{0x20,0x20,0x20,0xFF,0x20,0x20,0x80,0xF8,0x80,0x40,0xFF,0x20,0x10,0xF0,0x00,0x00,
 0x10,0x30,0x10,0x0F,0x08,0x08,0x00,0x3F,0x40,0x40,0x5F,0x42,0x44,0x43,0x78,0x00},

// "于" (索引28)
{0x20,0x20,0x21,0x21,0x21,0x21,0x21,0xFF,0x21,0x21,0x21,0x21,0x21,0x20,0x20,0x00,
 0x00,0x00,0x00,0x00,0x00,0x20,0x40,0x3F,0x00,0x00,0x00,0x00,0x00,0x00,0x00,0x00},

// "出" (索引29)
{0x00,0x00,0x7C,0x40,0x40,0x40,0x40,0xFF,0x40,0x40,0x40,0x40,0xFC,0x00,0x00,0x00,
 0x00,0x7C,0x40,0x40,0x40,0x40,0x40,0x7F,0x40,0x40,0x40,0x40,0x40,0xFC,0x00,0x00},

// "就" (索引30)
{0x04,0xE4,0x25,0x26,0x24,0xE4,0x04,0x20,0x20,0xFF,0x20,0xE2,0x2C,0x20,0x20,0x00,
 0x10,0x4B,0x82,0x7E,0x02,0x0B,0x90,0x60,0x1C,0x03,0x00,0x3F,0x40,0x40,0x70,0x00},

// "分" (索引31)
{0x80,0x40,0x20,0x90,0x88,0x86,0x80,0x80,0x80,0x83,0x8C,0x10,0x20,0x40,0x80,0x00,
 0x00,0x80,0x40,0x20,0x18,0x07,0x00,0x40,0x80,0x40,0x3F,0x00,0x00,0x00,0x00,0x00},

// "对" (索引32)
{0x00,0x08,0x48,0x88,0x08,0xC8,0x38,0x00,0x90,0x10,0x10,0xFF,0x10,0x10,0x10,0x00,
 0x00,0x20,0x10,0x0C,0x03,0x04,0x18,0x00,0x00,0x43,0x80,0x7F,0x00,0x00,0x00,0x00},

// "成" (索引33)
{0x00,0x00,0xF8,0x88,0x88,0x88,0x88,0x08,0x08,0xFF,0x08,0x09,0x0A,0xC8,0x08,0x00,
 0x80,0x60,0x1F,0x00,0x10,0x20,0x1F,0x80,0x40,0x21,0x16,0x18,0x26,0x41,0xF8,0x00},

// "会" (索引34)
{0x40,0x40,0x20,0x20,0x50,0x48,0x44,0x43,0x44,0x48,0x50,0x20,0x20,0x40,0x40,0x00,
 0x00,0x02,0x42,0xE2,0x52,0x4A,0x46,0x42,0x42,0x42,0x52,0x62,0xC2,0x02,0x00,0x00},

// "可" (索引35)
{0x00,0x01,0x01,0xF9,0x09,0x09,0x09,0xF9,0x01,0x01,0x01,0xFF,0x01,0x01,0x01,0x00,
 0x00,0x00,0x00,0x07,0x02,0x02,0x02,0x07,0x00,0x20,0x40,0x3F,0x00,0x00,0x00,0x00},

// "主" (索引36)
{0x00,0x08,0x08,0x08,0x08,0x08,0x09,0xFA,0x08,0x08,0x08,0x08,0x08,0x08,0x00,0x00,
 0x40,0x40,0x41,0x41,0x41,0x41,0x41,0x7F,0x41,0x41,0x41,0x41,0x41,0x40,0x40,0x00},

// "发" (索引37)
{0x00,0x00,0x18,0x16,0x10,0xD0,0xB8,0x97,0x90,0x90,0x90,0x92,0x94,0x10,0x00,0x00,
 0x00,0x20,0x10,0x8C,0x83,0x80,0x41,0x46,0x28,0x10,0x28,0x44,0x43,0x80,0x80,0x00},

// "年" (索引38)
{0x00,0x20,0x18,0xC7,0x44,0x44,0x44,0x44,0xFC,0x44,0x44,0x44,0x44,0x04,0x00,0x00,
 0x04,0x04,0x04,0x07,0x04,0x04,0x04,0x04,0xFF,0x04,0x04,0x04,0x04,0x04,0x04,0x00},

// "动" (索引39)
{0x40,0x44,0xC4,0x44,0x44,0x44,0x40,0x10,0x10,0xFF,0x10,0x10,0x10,0xF0,0x00,0x00,
 0x10,0x3C,0x13,0x10,0x14,0xB8,0x40,0x30,0x0E,0x01,0x40,0x80,0x40,0x3F,0x00,0x00},

// "同" (索引40)
{0x00,0x00,0xFF,0x01,0x09,0xC9,0x49,0x49,0x49,0x49,0xC9,0x09,0x01,0xFF,0x00,0x00,
 0x00,0x00,0x7F,0x00,0x00,0x0F,0x04,0x04,0x04,0x04,0x0F,0x20,0x40,0x3F,0x00,0x00},

// "工" (索引41)
{0x00,0x04,0x04,0x04,0x04,0x04,0x04,0xFC,0x04,0x04,0x04,0x04,0x04,0x04,0x00,0x00,
 0x20,0x20,0x20,0x20,0x20,0x20,0x20,0x3F,0x20,0x20,0x20,0x20,0x20,0x20,0x20,0x00},

// "也" (索引42)
{0x80,0x80,0x40,0xFC,0x40,0x20,0x20,0xFF,0x10,0x10,0x08,0xF8,0x00,0x00,0x00,0x00,
 0x00,0x00,0x00,0x3F,0x40,0x40,0x40,0x4F,0x40,0x42,0x44,0x43,0x40,0x40,0x78,0x00},

// "能" (索引43)
{0x08,0xCC,0x4A,0x49,0x48,0x4A,0xCC,0x18,0x00,0x7F,0x88,0x88,0x84,0x82,0xE0,0x00,
 0x00,0xFF,0x12,0x12,0x52,0x92,0x7F,0x00,0x00,0x7E,0x88,0x88,0x84,0x82,0xE0,0x00},

// "下" (索引44)
{0x01,0x01,0x01,0x01,0x01,0x01,0xFF,0x01,0x01,0x21,0x41,0x81,0x01,0x01,0x01,0x00,
 0x00,0x00,0x00,0x00,0x00,0x00,0x7F,0x00,0x00,0x00,0x00,0x00,0x03,0x00,0x00,0x00},

// "过" (索引45)
{0x40,0x40,0x42,0xCC,0x00,0x08,0x48,0x88,0x08,0x08,0x08,0xFF,0x08,0x08,0x08,0x00,
 0x00,0x40,0x20,0x1F,0x20,0x40,0x40,0x41,0x40,0x48,0x50,0x4F,0x40,0x40,0x40,0x00},

// "子" (索引46)
{0x40,0x41,0x41,0x41,0x41,0x41,0x41,0xF1,0x51,0x49,0x45,0x43,0x41,0x40,0x40,0x00,
 0x00,0x00,0x00,0x00,0x00,0x20,0x40,0x3F,0x00,0x00,0x00,0x00,0x00,0x00,0x00,0x00},

// "说" (索引47)
{0x40,0x40,0x42,0xCC,0x00,0x00,0xF1,0x16,0x10,0x10,0x18,0x14,0xF3,0x00,0x00,0x00,
 0x00,0x00,0x00,0x3F,0x90,0x48,0x21,0x19,0x07,0x01,0x3F,0x41,0x41,0x40,0x70,0x00},

// "产" (索引48)
{0x00,0x04,0x84,0x84,0x94,0xE4,0x85,0x86,0x84,0xC4,0xB4,0x84,0x84,0x84,0x80,0x00,
 0x80,0x60,0x1F,0x00,0x00,0x00,0x00,0x00,0x00,0x00,0x00,0x00,0x00,0x00,0x00,0x00},

// "种" (索引49)
{0x24,0x24,0xA4,0xFE,0x23,0x22,0x00,0xF0,0x10,0x10,0xFF,0x10,0x10,0xF0,0x00,0x00,
 0x08,0x06,0x01,0xFF,0x01,0x06,0x00,0x07,0x02,0x02,0xFF,0x02,0x02,0x07,0x00,0x00},

// "面" (索引50)
{0x01,0x01,0xF1,0x11,0x11,0xF9,0x97,0x91,0x91,0xF1,0x11,0x11,0xF1,0x01,0x01,0x00,
 0x00,0x00,0x7F,0x20,0x20,0x3F,0x24,0x24,0x24,0x3F,0x20,0x20,0x7F,0x00,0x00,0x00},

// "而" (索引51)
{0x00,0x01,0xF1,0x11,0x11,0xF1,0x19,0x17,0xF1,0x11,0x11,0x11,0xF1,0x01,0x00,0x00,
 0x00,0x00,0x7F,0x00,0x00,0x1F,0x00,0x00,0x1F,0x00,0x20,0x40,0x3F,0x00,0x00,0x00},

// "方" (索引52)
{0x08,0x08,0x08,0x08,0x08,0xF8,0x89,0x8E,0x88,0x88,0x88,0x88,0x08,0x08,0x08,0x00,
 0x00,0x80,0x40,0x20,0x18,0x07,0x00,0x00,0x40,0x80,0x40,0x3F,0x00,0x00,0x00,0x00},

// "后" (索引53)
{0x00,0x00,0x00,0xFC,0x24,0x24,0x24,0x24,0x22,0x22,0x22,0x23,0x22,0x20,0x20,0x00,
 0x40,0x20,0x18,0x07,0x00,0xFE,0x42,0x42,0x42,0x42,0x42,0x42,0xFE,0x00,0x00,0x00},

// "多" (索引54)
{0x00,0x00,0x10,0x10,0x98,0xA4,0x47,0x44,0xA4,0x54,0x0C,0x04,0x00,0x00,0x00,0x00,
 0x00,0x81,0x89,0x89,0x44,0x44,0x4A,0x31,0x21,0x11,0x09,0x05,0x03,0x00,0x00,0x00},

// "定" (索引55)
{0x10,0x0C,0x44,0x44,0x44,0x44,0x45,0xC6,0x44,0x44,0x44,0x44,0x44,0x14,0x0C,0x00,
 0x80,0x40,0x20,0x1E,0x20,0x40,0x40,0x7F,0x44,0x44,0x44,0x44,0x44,0x40,0x40,0x00},

// "行" (索引56)
{0x00,0x10,0x88,0xC4,0x33,0x00,0x40,0x42,0x42,0x42,0xC2,0x42,0x42,0x42,0x40,0x00,
 0x02,0x01,0x00,0xFF,0x00,0x00,0x00,0x00,0x40,0x80,0x7F,0x00,0x00,0x00,0x00,0x00},

// "学" (索引57)
{0x40,0x30,0x11,0x96,0x90,0x90,0x91,0x96,0x90,0x90,0x98,0x14,0x13,0x50,0x30,0x00,
 0x04,0x04,0x04,0x04,0x04,0x44,0x84,0x7E,0x06,0x05,0x04,0x04,0x04,0x04,0x04,0x00},

// "法" (索引58)
{0x10,0x60,0x02,0x8C,0x00,0x10,0x10,0x10,0x10,0xFF,0x10,0x10,0x10,0x10,0x00,0x00,
 0x04,0x04,0x7E,0x01,0x41,0xE1,0x51,0x49,0x45,0x43,0x41,0x51,0x61,0xC1,0x01,0x00},

// "所" (索引59)
{0x00,0x00,0xFC,0x24,0x24,0x22,0xE3,0x02,0xFC,0x44,0x44,0x42,0xC3,0x42,0x40,0x00,
 0x40,0x30,0x0F,0x02,0x02,0x82,0x43,0x30,0x0F,0x00,0x00,0x00,0xFF,0x00,0x00,0x00},

// "民" (索引60)
{0x00,0x00,0xFF,0x91,0x91,0x91,0x91,0x91,0xF1,0x91,0x91,0x91,0x9F,0x80,0x00,0x00,
 0x00,0x00,0x7F,0x20,0x10,0x08,0x00,0x00,0x01,0x06,0x08,0x10,0x20,0x78,0x00,0x00},

// "得" (索引61)
{0x00,0x10,0x88,0xC4,0x33,0x00,0xBE,0xAA,0xAA,0xAA,0xAA,0xAA,0xBE,0x80,0x00,0x00,
 0x02,0x01,0x00,0xFF,0x00,0x02,0x0A,0x12,0x02,0x42,0x82,0x7F,0x02,0x02,0x02,0x00},

// "经" (索引62)
{0x20,0x30,0xAC,0x63,0x20,0x18,0x80,0x82,0x42,0x22,0x12,0x1A,0x26,0x42,0x80,0x00,
 0x22,0x67,0x22,0x12,0x12,0x12,0x40,0x42,0x42,0x42,0x7E,0x42,0x42,0x42,0x40,0x00},

// "十" (索引63)
{0x40,0x40,0x40,0x40,0x40,0x40,0x40,0xFF,0x40,0x40,0x40,0x40,0x40,0x40,0x40,0x00,
 0x00,0x00,0x00,0x00,0x00,0x00,0x00,0xFF,0x00,0x00,0x00,0x00,0x00,0x00,0x00,0x00},

// "三" (索引64)
{0x00,0x04,0x84,0x84,0x84,0x84,0x84,0x84,0x84,0x84,0x84,0x84,0x84,0x04,0x00,0x00,
 0x20,0x20,0x20,0x20,0x20,0x20,0x20,0x20,0x20,0x20,0x20,0x20,0x20,0x20,0x20,0x00},

// "之" (索引65)
{0x00,0x10,0x10,0x10,0x10,0x10,0x11,0x16,0x10,0x90,0x50,0x30,0x10,0x00,0x00,0x00,
 0x00,0x40,0x20,0x10,0x10,0x28,0x44,0x42,0x41,0x40,0x40,0x40,0x40,0x40,0x40,0x00},

// "进" (索引66)
{0x40,0x40,0x42,0xCC,0x00,0x80,0x88,0x88,0xFF,0x88,0x88,0xFF,0x88,0x88,0x80,0x00,
 0x00,0x40,0x20,0x1F,0x20,0x40,0x50,0x4C,0x43,0x40,0x40,0x5F,0x40,0x40,0x40,0x00},

// "着" (索引67)
{0x40,0x44,0x54,0x54,0x55,0xD6,0x74,0x5C,0x54,0x56,0x55,0x54,0x54,0x44,0x40,0x00,
 0x08,0x08,0x04,0x02,0xFF,0x55,0x55,0x55,0x55,0x55,0x55,0xFF,0x00,0x00,0x00,0x00},

// "等" (索引68)
{0x08,0x04,0x23,0x22,0x26,0x2A,0x22,0xFA,0x24,0x23,0x22,0x26,0x2A,0x02,0x02,0x00,
 0x01,0x09,0x09,0x09,0x19,0x69,0x09,0x09,0x49,0x89,0x7D,0x09,0x09,0x09,0x01,0x00},

// "部" (索引69)
{0x40,0x44,0x54,0x65,0x46,0x44,0x64,0x54,0x44,0x40,0xFE,0x02,0x22,0xDA,0x06,0x00,
 0x00,0x00,0x7E,0x22,0x22,0x22,0x22,0x7E,0x00,0x00,0xFF,0x08,0x10,0x08,0x07,0x00},

// "度" (索引70)
{0x00,0x00,0xFC,0x24,0x24,0x24,0xFC,0x25,0x26,0x24,0xFC,0x24,0x24,0x24,0x04,0x00,
 0x40,0x30,0x8F,0x80,0x84,0x4C,0x55,0x25,0x25,0x25,0x55,0x4C,0x80,0x80,0x80,0x00},

// "家" (索引71)
{0x10,0x2C,0x24,0x24,0xA4,0xA4,0x65,0xA6,0x24,0x24,0x24,0x24,0xA4,0x34,0x0C,0x00,
 0x40,0x49,0x49,0x29,0x24,0x14,0x52,0x89,0x7F,0x04,0x0A,0x11,0x10,0x20,0x20,0x00},

// "电" (索引72)
{0x00,0x00,0xF8,0x88,0x88,0x88,0x88,0xFF,0x88,0x88,0x88,0x88,0xF8,0x00,0x00,0x00,
 0x00,0x00,0x1F,0x08,0x08,0x08,0x08,0x7F,0x88,0x88,0x88,0x88,0x9F,0x80,0xF0,0x00},

// "力" (索引73)
{0x00,0x10,0x10,0x10,0x10,0x10,0xFF,0x10,0x10,0x10,0x10,0x10,0xF0,0x00,0x00,0x00,
 0x00,0x80,0x40,0x20,0x18,0x06,0x01,0x00,0x20,0x40,0x80,0x40,0x3F,0x00,0x00,0x00},

// "里" (索引74)
{0x00,0x00,0xFE,0x92,0x92,0x92,0x92,0xFE,0x92,0x92,0x92,0x92,0xFE,0x00,0x00,0x00,
 0x40,0x40,0x44,0x44,0x44,0x44,0x44,0x7F,0x44,0x44,0x44,0x44,0x44,0x40,0x40,0x00},

// "如" (索引75)
{0x10,0x10,0xF0,0x1F,0x10,0x10,0xF0,0x00,0x00,0xF8,0x08,0x08,0x08,0xF8,0x00,0x00,
 0x80,0x41,0x22,0x14,0x08,0x16,0x61,0x00,0x00,0x7F,0x20,0x20,0x20,0x7F,0x00,0x00},

// "水" (索引76)
{0x00,0x20,0x20,0x20,0xA0,0x60,0x00,0xFF,0x60,0x80,0x40,0x20,0x18,0x00,0x00,0x00,
 0x20,0x10,0x08,0x06,0x01,0x40,0x80,0x7F,0x00,0x01,0x02,0x04,0x08,0x10,0x10,0x00},

// "化" (索引77)
{0x00,0x80,0x60,0xF8,0x07,0x00,0x00,0x00,0xFF,0x40,0x20,0x10,0x08,0x04,0x00,0x00,
 0x01,0x00,0x00,0xFF,0x00,0x04,0x02,0x01,0x3F,0x40,0x40,0x40,0x40,0x40,0x78,0x00},

// "高" (索引78)
{0x04,0x04,0x04,0x04,0xF4,0x94,0x95,0x96,0x94,0x94,0xF4,0x04,0x04,0x04,0x04,0x00,
 0x00,0xFE,0x02,0x02,0x7A,0x4A,0x4A,0x4A,0x4A,0x4A,0x7A,0x02,0x82,0xFE,0x00,0x00},

// "自" (索引79)
{0x00,0x00,0x00,0xF8,0x88,0x8C,0x8A,0x89,0x88,0x88,0x88,0xF8,0x00,0x00,0x00,0x00,
 0x00,0x00,0x00,0xFF,0x44,0x44,0x44,0x44,0x44,0x44,0x44,0xFF,0x00,0x00,0x00,0x00},

// "二" (索引80)
{0x00,0x00,0x04,0x04,0x04,0x04,0x04,0x04,0x04,0x04,0x04,0x04,0x04,0x00,0x00,0x00,
 0x08,0x08,0x08,0x08,0x08,0x08,0x08,0x08,0x08,0x08,0x08,0x08,0x08,0x08,0x08,0x00},

// "理" (索引81)
{0x04,0x84,0x84,0xFC,0x84,0x84,0x00,0xFE,0x92,0x92,0xFE,0x92,0x92,0xFE,0x00,0x00,
 0x20,0x60,0x20,0x1F,0x10,0x10,0x40,0x44,0x44,0x44,0x7F,0x44,0x44,0x44,0x40,0x00},

// "起" (索引82)
{0x40,0x48,0x48,0x48,0xFF,0x48,0x48,0x00,0xC4,0x44,0x44,0x44,0xFC,0x00,0x00,0x00,
 0x80,0x60,0x1F,0x20,0x7F,0x44,0x44,0x40,0x4F,0x50,0x50,0x50,0x50,0x5C,0x40,0x00},

// "小" (索引83)
{0x00,0x00,0x00,0xE0,0x00,0x00,0x00,0xFF,0x00,0x00,0x00,0x20,0x40,0x80,0x00,0x00,
 0x08,0x04,0x03,0x00,0x00,0x40,0x80,0x7F,0x00,0x00,0x00,0x00,0x00,0x01,0x0E,0x00},

// "物" (索引84)
{0x40,0x3C,0x10,0xFF,0x10,0x10,0x20,0x10,0x8F,0x78,0x08,0xF8,0x08,0xF8,0x00,0x00,
 0x02,0x06,0x02,0xFF,0x01,0x01,0x04,0x42,0x21,0x18,0x46,0x81,0x40,0x3F,0x00,0x00},

// "现" (索引85)
{0x02,0x42,0x42,0xFE,0x42,0x42,0x00,0xFF,0x01,0x01,0xF9,0x01,0x01,0xFF,0x00,0x00,
 0x10,0x30,0x10,0x0F,0x08,0x48,0x20,0x11,0x0C,0x03,0x00,0x3F,0x40,0x41,0x70,0x00},

// "实" (索引86)
{0x10,0x0C,0x04,0x84,0x14,0x64,0x05,0x06,0xF4,0x04,0x04,0x04,0x04,0x14,0x0C,0x00,
 0x04,0x84,0x84,0x44,0x47,0x24,0x14,0x0C,0x07,0x0C,0x14,0x24,0x44,0x84,0x04,0x00},

// "加" (索引87)
{0x10,0x10,0x10,0xFF,0x10,0x10,0xF0,0x00,0x00,0xF8,0x08,0x08,0x08,0xF8,0x00,0x00,
 0x80,0x40,0x30,0x0F,0x40,0x80,0x7F,0x00,0x00,0x7F,0x20,0x20,0x20,0x7F,0x00,0x00},

// "量" (索引88)
{0x10,0x10,0x10,0xDF,0x55,0x55,0x55,0xD5,0x55,0x55,0x55,0xDF,0x10,0x10,0x10,0x00,
 0x00,0x40,0x40,0x57,0x55,0x55,0x55,0x7F,0x55,0x55,0x55,0x57,0x40,0x40,0x00,0x00},

// "都" (索引89)
{0x20,0x24,0x24,0xA4,0x7F,0x24,0x34,0x28,0x26,0x20,0xFE,0x02,0x22,0xDA,0x06,0x00,
 0x04,0x02,0xFF,0x49,0x49,0x49,0x49,0xFF,0x00,0x00,0xFF,0x08,0x10,0x08,0x07,0x00},

// "两" (索引90)
{0x01,0xF1,0x11,0x11,0x11,0xFF,0x11,0x11,0x11,0xFF,0x11,0x11,0x11,0xF1,0x01,0x00,
 0x00,0x7F,0x00,0x04,0x03,0x00,0x0B,0x04,0x03,0x00,0x01,0x26,0x40,0x3F,0x00,0x00},

// "体" (索引91)
{0x00,0x80,0x60,0xF8,0x07,0x10,0x10,0x10,0xD0,0xFF,0xD0,0x10,0x10,0x10,0x00,0x00,
 0x01,0x00,0x00,0xFF,0x10,0x08,0x04,0x0B,0x08,0xFF,0x08,0x0B,0x04,0x08,0x10,0x00},

// "制" (索引92)
{0x40,0x50,0x4E,0x48,0x48,0xFF,0x48,0x48,0x48,0x40,0xF8,0x00,0x00,0xFF,0x00,0x00,
 0x00,0x00,0x3E,0x02,0x02,0xFF,0x12,0x22,0x1E,0x00,0x0F,0x40,0x80,0x7F,0x00,0x00},

// "机" (索引93)
{0x10,0x10,0xD0,0xFF,0x90,0x10,0x00,0xFE,0x02,0x02,0x02,0xFE,0x00,0x00,0x00,0x00,
 0x04,0x03,0x00,0xFF,0x00,0x83,0x60,0x1F,0x00,0x00,0x00,0x3F,0x40,0x40,0x78,0x00},

// "当" (索引94)
{0x00,0x40,0x42,0x44,0x58,0x40,0x40,0x7F,0x40,0x40,0x50,0x48,0xC6,0x00,0x00,0x00,
 0x00,0x40,0x44,0x44,0x44,0x44,0x44,0x44,0x44,0x44,0x44,0x44,0xFF,0x00,0x00,0x00},

// "使" (索引95)
{0x80,0x60,0xF8,0x07,0x04,0xE4,0x24,0x24,0x24,0xFF,0x24,0x24,0x24,0xE4,0x04,0x00,
 0x00,0x00,0xFF,0x00,0x80,0x81,0x45,0x29,0x11,0x2F,0x41,0x41,0x81,0x81,0x80,0x00},

// "点" (索引96)
{0x00,0x00,0xC0,0x40,0x40,0x40,0x7F,0x48,0x48,0x48,0x48,0xC8,0x08,0x08,0x00,0x00,
 0x80,0x40,0x37,0x04,0x04,0x14,0x64,0x04,0x14,0x64,0x04,0x07,0x10,0xE0,0x00,0x00},

// "从" (索引97)
{0x00,0x00,0x00,0x00,0xFF,0x00,0x00,0x00,0x00,0x00,0xFF,0x00,0x00,0x00,0x00,0x00,
 0x80,0x40,0x30,0x0E,0x01,0x82,0x4C,0x20,0x18,0x07,0x00,0x07,0x18,0x60,0x80,0x00},

// "业" (索引98)
{0x00,0x10,0x60,0x80,0x00,0xFF,0x00,0x00,0x00,0xFF,0x00,0x00,0xC0,0x30,0x00,0x00,
 0x40,0x40,0x40,0x43,0x40,0x7F,0x40,0x40,0x40,0x7F,0x42,0x41,0x40,0x40,0x40,0x00},

// "本" (索引99)
{0x00,0x10,0x10,0x10,0x10,0xD0,0x30,0xFF,0x30,0xD0,0x10,0x10,0x10,0x10,0x00,0x00,
 0x10,0x08,0x04,0x02,0x09,0x08,0x08,0xFF,0x08,0x08,0x09,0x02,0x04,0x08,0x10,0x00},

// "去" (索引100)
{0x00,0x00,0x08,0x08,0x08,0x08,0x08,0xFF,0x08,0x08,0x08,0x08,0x08,0x00,0x00,0x00,
 0x01,0x01,0x41,0x61,0x51,0x49,0x47,0x41,0x41,0x41,0x51,0x61,0xC1,0x01,0x01,0x00},

// "把" (索引101)
{0x10,0x10,0x10,0xFF,0x10,0x90,0x00,0xFE,0x82,0x82,0xFE,0x82,0x82,0xFE,0x00,0x00,
 0x04,0x44,0x82,0x7F,0x01,0x00,0x00,0x3F,0x40,0x40,0x40,0x40,0x40,0x41,0x70,0x00},

// "性" (索引102)
{0x00,0xE0,0x00,0xFF,0x10,0x20,0x40,0x3C,0x10,0x10,0xFF,0x10,0x10,0x10,0x00,0x00,
 0x01,0x00,0x00,0xFF,0x00,0x00,0x40,0x42,0x42,0x42,0x7F,0x42,0x42,0x42,0x40,0x00},

// "好" (索引103)
{0x10,0x10,0xF0,0x1F,0x10,0xF0,0x00,0x80,0x82,0x82,0xE2,0x92,0x8A,0x86,0x80,0x00,
 0x40,0x22,0x15,0x08,0x16,0x61,0x00,0x00,0x40,0x80,0x7F,0x00,0x00,0x00,0x00,0x00},

// "应" (索引104)
{0x00,0x00,0xFC,0x04,0x44,0x84,0x04,0x25,0xC6,0x04,0x04,0x04,0x04,0xE4,0x04,0x00,
 0x40,0x30,0x0F,0x40,0x40,0x41,0x4E,0x40,0x40,0x63,0x50,0x4C,0x43,0x40,0x40,0x00},

// "开" (索引105)
{0x40,0x41,0x41,0x41,0xFF,0x41,0x41,0x41,0x41,0x41,0xFF,0x41,0x41,0x41,0x40,0x00,
 0x00,0x40,0x20,0x18,0x07,0x00,0x00,0x00,0x00,0x00,0x7F,0x00,0x00,0x00,0x00,0x00},

// "它" (索引106)
{0x10,0x0C,0x04,0x04,0xE4,0x04,0x05,0x06,0x04,0x04,0x84,0x84,0x44,0x14,0x0C,0x00,
 0x00,0x00,0x00,0x00,0x3F,0x42,0x42,0x41,0x41,0x41,0x40,0x40,0x40,0x78,0x00,0x00},

// "合" (索引107)
{0x40,0x40,0x20,0x20,0x50,0x48,0x44,0x43,0x44,0x48,0x50,0x20,0x20,0x40,0x40,0x00,
 0x00,0x00,0x00,0xFE,0x42,0x42,0x42,0x42,0x42,0x42,0x42,0xFE,0x00,0x00,0x00,0x00},

// "还" (索引108)
{0x40,0x40,0x42,0xCC,0x00,0x00,0x02,0x82,0x42,0xF2,0x0E,0x42,0x82,0x02,0x00,0x00,
 0x00,0x40,0x20,0x1F,0x20,0x42,0x41,0x40,0x40,0x5F,0x40,0x40,0x40,0x43,0x40,0x00},

// "因" (索引109)
{0x00,0xFF,0x01,0x21,0x21,0x21,0xA1,0x7D,0xA1,0x21,0x21,0x21,0x01,0xFF,0x00,0x00,
 0x00,0x7F,0x20,0x28,0x24,0x22,0x21,0x20,0x20,0x21,0x22,0x2C,0x20,0x7F,0x00,0x00},

// "由" (索引110)
{0x00,0x00,0xF0,0x10,0x10,0x10,0x10,0xFF,0x10,0x10,0x10,0x10,0xF0,0x00,0x00,0x00,
 0x00,0x00,0xFF,0x42,0x42,0x42,0x42,0x7F,0x42,0x42,0x42,0x42,0xFF,0x00,0x00,0x00},

// "其" (索引111)
{0x00,0x04,0x04,0x04,0xFF,0x24,0x24,0x24,0x24,0x24,0xFF,0x04,0x04,0x04,0x00,0x00,
 0x08,0x08,0x88,0x48,0x2F,0x09,0x09,0x09,0x09,0x09,0x2F,0x48,0x88,0x08,0x08,0x00},

// "些" (索引112)
{0x00,0x00,0xFC,0x00,0x80,0xFF,0x88,0x88,0x00,0xFF,0x10,0x10,0x08,0x04,0xE0,0x00,
 0x01,0x43,0x41,0x49,0x48,0x48,0x48,0x48,0x48,0x48,0x49,0x49,0x41,0x41,0x01,0x00},

// "然" (索引113)
{0x40,0x20,0x58,0x97,0x24,0xC4,0x3C,0x10,0x10,0xD0,0x3F,0xD0,0x12,0x14,0x10,0x00,
 0x80,0x68,0x04,0x02,0x21,0xC0,0x08,0x04,0x23,0xC0,0x00,0x00,0x23,0xC4,0x08,0x00},

// "前" (索引114)
{0x08,0x08,0xE8,0x29,0x2E,0x28,0xE8,0x08,0x08,0xC8,0x0C,0x0B,0xE8,0x08,0x08,0x00,
 0x00,0x00,0xFF,0x09,0x49,0x89,0x7F,0x00,0x00,0x0F,0x40,0x80,0x7F,0x00,0x00,0x00},

// "外" (索引115)
{0x00,0xC0,0x30,0x1F,0x10,0x10,0xF0,0x00,0x00,0xFF,0x20,0x40,0x80,0x00,0x00,0x00,
 0x81,0x40,0x21,0x12,0x0C,0x03,0x00,0x00,0x00,0xFF,0x00,0x00,0x00,0x03,0x00,0x00},

// "天" (索引116)
{0x20,0x20,0x21,0x21,0x21,0x21,0xA1,0x7F,0xA1,0x21,0x21,0x21,0x21,0x20,0x20,0x00,
 0x40,0x40,0x20,0x10,0x08,0x06,0x01,0x00,0x01,0x06,0x08,0x10,0x20,0x40,0x40,0x00},

// "政" (索引117)
{0x04,0xC4,0x04,0x04,0xFC,0x84,0x84,0x04,0x80,0x70,0x8F,0x08,0x08,0xF8,0x08,0x00,
 0x20,0x3F,0x20,0x20,0x1F,0x10,0x10,0x90,0x40,0x20,0x13,0x0C,0x33,0x40,0x80,0x00},

// "四" (索引118)
{0x00,0xFE,0x02,0x02,0x82,0x7E,0x02,0x02,0x02,0xFE,0x02,0x02,0x02,0xFE,0x00,0x00,
 0x00,0x3F,0x14,0x12,0x11,0x10,0x10,0x10,0x10,0x10,0x11,0x11,0x11,0x3F,0x00,0x00},

// "日" (索引119)
{0x00,0x00,0x00,0xFF,0x41,0x41,0x41,0x41,0x41,0x41,0x41,0xFF,0x00,0x00,0x00,0x00,
 0x00,0x00,0x00,0x7F,0x20,0x20,0x20,0x20,0x20,0x20,0x20,0x7F,0x00,0x00,0x00,0x00},

// "那" (索引120)
{0x00,0x91,0x91,0xFF,0x91,0x91,0xFF,0x00,0x00,0xFF,0x01,0x11,0x6D,0x83,0x00,0x00,
 0x20,0x10,0x0C,0x03,0x10,0x20,0x1F,0x00,0x00,0x7F,0x04,0x08,0x04,0x03,0x00,0x00},

// "社" (索引121)
{0x08,0x08,0x89,0xEE,0x98,0x00,0x40,0x40,0x40,0x40,0xFF,0x40,0x40,0x40,0x40,0x00,
 0x02,0x01,0x00,0xFF,0x00,0x43,0x40,0x40,0x40,0x40,0x7F,0x40,0x40,0x40,0x40,0x00},

// "义" (索引122)
{0x00,0x00,0x0C,0x30,0xC0,0x00,0x01,0x06,0x00,0x80,0x70,0x0E,0x00,0x00,0x00,0x00,
 0x80,0x80,0x40,0x40,0x20,0x11,0x0A,0x04,0x0A,0x11,0x20,0x40,0x40,0x80,0x80,0x00},

// "事" (索引123)
{0x04,0x04,0x74,0x54,0x54,0x54,0x54,0xFF,0x54,0x54,0x54,0x54,0x74,0x04,0x04,0x00,
 0x04,0x04,0x15,0x15,0x15,0x55,0x95,0x7F,0x15,0x15,0x15,0x15,0x1F,0x04,0x04,0x00},

// "平" (索引124)
{0x80,0x81,0x81,0x89,0xB1,0x81,0x81,0xFF,0x81,0x81,0xA1,0x99,0x81,0x81,0x80,0x00,
 0x00,0x00,0x00,0x00,0x00,0x00,0x00,0x7F,0x00,0x00,0x00,0x00,0x00,0x00,0x00,0x00},

// "形" (索引125)
{0x40,0x41,0x41,0xFF,0x41,0x41,0xFF,0x41,0x41,0x40,0x10,0x08,0x84,0x43,0x30,0x00,
 0x40,0x20,0x18,0x07,0x00,0x00,0x7F,0x00,0x00,0x40,0x42,0x21,0x10,0x08,0x06,0x00},

// "相" (索引126)
{0x10,0x10,0x10,0xD0,0xFF,0x90,0x10,0x00,0xFE,0x22,0x22,0x22,0x22,0xFE,0x00,0x00,
 0x08,0x04,0x03,0x00,0xFF,0x00,0x03,0x00,0xFF,0x42,0x42,0x42,0x42,0xFF,0x00,0x00},

// "全" (索引127)
{0x80,0x80,0x40,0x20,0x50,0x48,0x44,0xC3,0x44,0x48,0x50,0x20,0x40,0x80,0x80,0x00,
 0x00,0x40,0x40,0x44,0x44,0x44,0x44,0x7F,0x44,0x44,0x44,0x44,0x40,0x40,0x00,0x00},

// "表" (索引128)
{0x00,0x04,0x24,0x24,0x24,0x24,0x24,0xFF,0x24,0x24,0x24,0x24,0x24,0x04,0x00,0x00,
 0x21,0x21,0x11,0x09,0xFD,0x83,0x41,0x23,0x05,0x09,0x11,0x29,0x25,0x41,0x41,0x00},

// "间" (索引129)
{0x00,0xF8,0x01,0x06,0x00,0xF0,0x12,0x12,0x12,0xF2,0x02,0x02,0x02,0xFE,0x00,0x00,
 0x00,0xFF,0x00,0x00,0x00,0x1F,0x11,0x11,0x11,0x1F,0x00,0x40,0x80,0x7F,0x00,0x00},

// "样" (索引130)
{0x10,0x10,0xD0,0xFF,0x90,0x00,0x10,0x91,0x96,0x90,0xF0,0x90,0x94,0x93,0x10,0x00,
 0x04,0x03,0x00,0xFF,0x00,0x01,0x04,0x04,0x04,0x04,0xFF,0x04,0x04,0x04,0x04,0x00},

// "与" (索引131)
{0x00,0x00,0xE0,0x9F,0x88,0x88,0x88,0x88,0x88,0x88,0x88,0x88,0x88,0x08,0x00,0x00,
 0x08,0x08,0x08,0x08,0x08,0x08,0x08,0x08,0x08,0x48,0x80,0x40,0x3F,0x00,0x00,0x00},

// "关" (索引132)
{0x00,0x00,0x10,0x11,0x16,0x10,0x10,0xF0,0x10,0x10,0x14,0x13,0x10,0x00,0x00,0x00,
 0x81,0x81,0x41,0x41,0x21,0x11,0x0D,0x03,0x0D,0x11,0x21,0x41,0x41,0x81,0x81,0x00},

// "各" (索引133)
{0x00,0x00,0x90,0x88,0x4C,0x57,0x24,0x24,0x54,0x54,0x8C,0x84,0x00,0x00,0x00,0x00,
 0x01,0x01,0x00,0xFE,0x42,0x42,0x42,0x42,0x42,0x42,0x42,0xFE,0x01,0x01,0x01,0x00},

// "重" (索引134)
{0x10,0x10,0x14,0xD4,0x54,0x54,0x54,0xFC,0x52,0x52,0x52,0xD3,0x12,0x10,0x10,0x00,
 0x40,0x40,0x50,0x57,0x55,0x55,0x55,0x7F,0x55,0x55,0x55,0x57,0x50,0x40,0x40,0x00},

// "新" (索引135)
{0x40,0x44,0x54,0x65,0xC6,0x64,0x54,0x44,0x00,0xFC,0x44,0x44,0xC4,0x42,0x40,0x00,
 0x20,0x12,0x4A,0x82,0x7F,0x02,0x0A,0x92,0x60,0x1F,0x00,0x00,0xFF,0x00,0x00,0x00},

// "线" (索引136)
{0x20,0x30,0xAC,0x63,0x20,0x18,0x80,0x90,0x90,0xFF,0x90,0x49,0x4A,0x48,0x40,0x00,
 0x22,0x67,0x22,0x12,0x12,0x12,0x40,0x40,0x20,0x13,0x0C,0x14,0x22,0x41,0xF8,0x00},

// "内" (索引137)
{0x00,0xF8,0x08,0x08,0x08,0x08,0x88,0x7F,0x88,0x08,0x08,0x08,0x08,0xF8,0x00,0x00,
 0x00,0xFF,0x00,0x08,0x04,0x02,0x01,0x00,0x00,0x01,0x02,0x4C,0x80,0x7F,0x00,0x00},

// "数" (索引138)
{0x90,0x52,0x34,0x10,0xFF,0x10,0x34,0x52,0x80,0x70,0x8F,0x08,0x08,0xF8,0x08,0x00,
 0x82,0x9A,0x56,0x63,0x22,0x52,0x8E,0x00,0x80,0x40,0x33,0x0C,0x33,0x40,0x80,0x00},

// "正" (索引139)
{0x00,0x02,0x02,0xC2,0x02,0x02,0x02,0xFE,0x82,0x82,0x82,0x82,0x82,0x02,0x00,0x00,
 0x40,0x40,0x40,0x7F,0x40,0x40,0x40,0x7F,0x40,0x40,0x40,0x40,0x40,0x40,0x40,0x00},

// "心" (索引140)
{0x00,0x00,0x80,0x00,0x00,0xE0,0x02,0x04,0x18,0x00,0x00,0x00,0x40,0x80,0x00,0x00,
 0x10,0x0C,0x03,0x00,0x00,0x3F,0x40,0x40,0x40,0x40,0x40,0x78,0x00,0x01,0x0E,0x00},

// "反" (索引141)
{0x00,0x00,0xFC,0x24,0x24,0xE4,0x24,0x24,0x22,0x22,0x22,0xA3,0x62,0x00,0x00,0x00,
 0x40,0x30,0x8F,0x80,0x40,0x40,0x23,0x14,0x08,0x14,0x22,0x41,0x40,0x80,0x80,0x00},

// "你" (索引142)
{0x00,0x80,0x60,0xF8,0x07,0x40,0x20,0x18,0x0F,0x08,0xC8,0x08,0x08,0x28,0x18,0x00,
 0x01,0x00,0x00,0xFF,0x00,0x10,0x0C,0x03,0x40,0x80,0x7F,0x00,0x01,0x06,0x18,0x00},

// "明" (索引143)
{0x00,0xFE,0x22,0x22,0x22,0xFE,0x00,0x00,0xFF,0x11,0x11,0x11,0x11,0xFF,0x00,0x00,
 0x00,0x07,0x02,0x02,0x02,0x47,0x20,0x18,0x07,0x01,0x01,0x21,0x41,0x3F,0x00,0x00},

// "看" (索引144)
{0x20,0x22,0x2A,0x2A,0xAA,0x6A,0x3A,0x2E,0x29,0x29,0x29,0x29,0x29,0x20,0x20,0x00,
 0x08,0x04,0x02,0x01,0xFF,0x55,0x55,0x55,0x55,0x55,0x55,0xFF,0x00,0x00,0x00,0x00},

// "原" (索引145)
{0x00,0x00,0xFF,0x01,0x01,0xF9,0x49,0x4D,0x4B,0x49,0x49,0xF9,0x01,0x01,0x01,0x00,
 0x40,0x30,0x0F,0x20,0x10,0x0B,0x22,0x42,0x3E,0x02,0x02,0x0B,0x10,0x20,0x00,0x00},

// "又" (索引146)
{0x00,0x00,0x01,0x0F,0x31,0xC1,0x01,0x01,0x01,0xC1,0x39,0x07,0x00,0x00,0x00,0x00,
 0x40,0x40,0x20,0x20,0x10,0x08,0x05,0x02,0x05,0x08,0x10,0x20,0x20,0x40,0x40,0x00},

// "么" (索引147)
{0x00,0x00,0x80,0x40,0x20,0x10,0x0C,0x03,0xC0,0x30,0x00,0x00,0x00,0x00,0x00,0x00,
 0x00,0x01,0x20,0x70,0x28,0x24,0x22,0x21,0x20,0x20,0x24,0x28,0x30,0x60,0x00,0x00},

// "利" (索引148)
{0x40,0x44,0x44,0x44,0xC4,0xFE,0x42,0x43,0x42,0x00,0xF8,0x00,0x00,0xFF,0x00,0x00,
 0x20,0x10,0x0C,0x03,0x00,0xFF,0x01,0x02,0x04,0x00,0x0F,0x40,0x80,0x7F,0x00,0x00},

// "比" (索引149)
{0x00,0x00,0xFE,0x40,0x40,0x40,0x40,0x00,0xFF,0x80,0x40,0x20,0x10,0x08,0x00,0x00,
 0x00,0x00,0x7F,0x20,0x20,0x10,0x10,0x00,0x3F,0x40,0x40,0x40,0x40,0x40,0x78,0x00},

// "或" (索引150)
{0x08,0x08,0xC8,0x48,0x48,0x48,0xC8,0x08,0x08,0xFF,0x08,0x08,0x09,0xCA,0x08,0x00,
 0x00,0x20,0x67,0x24,0x24,0x14,0x97,0x90,0x40,0x21,0x16,0x18,0x26,0x41,0xF8,0x00},

// "但" (索引151)
{0x00,0x80,0x60,0xF8,0x07,0x00,0xFC,0x44,0x44,0x44,0x44,0x44,0x44,0xFC,0x00,0x00,
 0x01,0x00,0x00,0xFF,0x00,0x40,0x4F,0x44,0x44,0x44,0x44,0x44,0x44,0x4F,0x40,0x00},

// "质" (索引152)
{0x00,0x00,0xFE,0x12,0x12,0x92,0x92,0x92,0x92,0xFF,0x91,0x91,0x91,0x91,0x10,0x00,
 0x80,0x60,0x1F,0x80,0x80,0x5F,0x40,0x20,0x10,0x0E,0x10,0x10,0x20,0x5F,0x80,0x00},

// "气" (索引153)
{0x20,0x10,0x4C,0x47,0x54,0x54,0x54,0x54,0x54,0x54,0x54,0xD4,0x04,0x04,0x00,0x00,
 0x00,0x00,0x00,0x00,0x00,0x00,0x00,0x00,0x00,0x00,0x00,0x0F,0x30,0x40,0xF0,0x00},

// "第" (索引154)
{0x08,0x04,0x93,0x92,0x96,0x9A,0x92,0xFA,0x94,0x93,0x92,0x96,0xFA,0x02,0x02,0x00,
 0x40,0x40,0x47,0x24,0x24,0x14,0x0C,0xFF,0x04,0x04,0x24,0x44,0x24,0x1C,0x00,0x00},

// "向" (索引155)
{0x00,0xF8,0x08,0x08,0x0C,0xCA,0x49,0x48,0x48,0xC8,0x08,0x08,0x08,0xF8,0x00,0x00,
 0x00,0xFF,0x00,0x00,0x00,0x1F,0x08,0x08,0x08,0x1F,0x00,0x40,0x80,0x7F,0x00,0x00},

// "道" (索引156)
{0x40,0x40,0x42,0xCC,0x00,0x08,0xE9,0xAA,0xB8,0xA8,0xA8,0xAA,0xE9,0x08,0x00,0x00,
 0x00,0x40,0x20,0x1F,0x20,0x40,0x5F,0x4A,0x4A,0x4A,0x4A,0x4A,0x5F,0x40,0x40,0x00},

// "命" (索引157)
{0x40,0x40,0x20,0x20,0x10,0x28,0x24,0x23,0x24,0x28,0x10,0x20,0x20,0x40,0x40,0x00,
 0x00,0x00,0x3F,0x11,0x11,0x11,0x3F,0x00,0xFF,0x01,0x11,0x21,0x1F,0x00,0x00,0x00},

// "此" (索引158)
{0x00,0x00,0xF8,0x00,0x00,0xFF,0x20,0x20,0x00,0xFF,0x40,0x20,0x10,0x08,0x00,0x00,
 0x20,0x60,0x3F,0x20,0x10,0x1F,0x10,0x10,0x00,0x3F,0x40,0x40,0x40,0x40,0x78,0x00},

// "变" (索引159)
{0x04,0x44,0x24,0x14,0x04,0x7C,0x05,0x06,0x04,0x7C,0x04,0x14,0x24,0x44,0x04,0x00,
 0x80,0x80,0x81,0x41,0x43,0x25,0x29,0x11,0x29,0x25,0x43,0x41,0x80,0x80,0x80,0x00},

// "条" (索引160)
{0x80,0x90,0x90,0x48,0x4C,0x57,0x24,0xE4,0x24,0x54,0x4C,0x44,0x80,0x80,0x80,0x00,
 0x00,0x42,0x22,0x12,0x0A,0x42,0x82,0x7F,0x02,0x02,0x0A,0x12,0x22,0x42,0x00,0x00},

// "只" (索引161)
{0x00,0x00,0x00,0xFF,0x81,0x81,0x81,0x81,0x81,0x81,0x81,0xFF,0x00,0x00,0x00,0x00,
 0x00,0x40,0x20,0x11,0x0C,0x00,0x00,0x00,0x00,0x00,0x04,0x09,0x10,0x60,0x00,0x00},

// "没" (索引162)
{0x08,0x30,0x01,0xE6,0x40,0x20,0x90,0x8F,0x81,0x81,0x81,0x9F,0xA0,0x20,0x20,0x00,
 0x02,0x02,0x3F,0x00,0x40,0x40,0x41,0x26,0x28,0x10,0x28,0x24,0x43,0x40,0x40,0x00},

// "结" (索引163)
{0x20,0x30,0xAC,0x63,0x20,0x18,0x08,0x48,0x48,0x48,0x7F,0x48,0x48,0x48,0x08,0x00,
 0x22,0x67,0x22,0x12,0x12,0x12,0x00,0xFE,0x42,0x42,0x42,0x42,0x42,0xFE,0x00,0x00},

// "解" (索引164)
{0x20,0x10,0xEC,0x27,0xF4,0x2C,0xE0,0x00,0x22,0x92,0x0E,0xD2,0x22,0x1E,0x00,0x00,
 0x80,0x60,0x1F,0x09,0x3F,0x89,0xFF,0x00,0x0A,0x09,0x09,0xFF,0x09,0x09,0x08,0x00},

// "问" (索引165)
{0x00,0xF8,0x01,0x02,0x00,0xE2,0x22,0x22,0x22,0xE2,0x02,0x02,0x02,0xFE,0x00,0x00,
 0x00,0xFF,0x00,0x00,0x00,0x1F,0x08,0x08,0x08,0x1F,0x00,0x40,0x80,0x7F,0x00,0x00},

// "意" (索引166)
{0x10,0x10,0x12,0xD2,0x56,0x5A,0x52,0x53,0x52,0x5A,0x56,0xD2,0x12,0x10,0x10,0x00,
 0x40,0x30,0x00,0x77,0x85,0x85,0x8D,0xB5,0x85,0x85,0x85,0xE7,0x00,0x10,0x60,0x00},

// "建" (索引167)
{0x04,0x84,0xC4,0xB4,0x8C,0x10,0x54,0x54,0x54,0xFF,0x54,0x54,0x7C,0x10,0x10,0x00,
 0x80,0x44,0x28,0x18,0x27,0x28,0x49,0x49,0x49,0x7F,0x49,0x49,0x49,0x48,0x40,0x00},

// "月" (索引168)
{0x00,0x00,0x00,0xFF,0x11,0x11,0x11,0x11,0x11,0x11,0x11,0x11,0xFF,0x00,0x00,0x00,
 0x40,0x20,0x18,0x07,0x01,0x01,0x01,0x01,0x01,0x01,0x21,0x41,0x3F,0x00,0x00,0x00},

// "公" (索引169)
{0x00,0x80,0x40,0x20,0x18,0x06,0x80,0x00,0x07,0x18,0x20,0x40,0x80,0x00,0x00,0x00,
 0x01,0x00,0x20,0x70,0x28,0x26,0x21,0x20,0x20,0x24,0x38,0x60,0x00,0x01,0x01,0x00},

// "无" (索引170)
{0x00,0x20,0x21,0x21,0x21,0xE1,0x3F,0x21,0xE1,0x21,0x21,0x21,0x20,0x20,0x00,0x00,
 0x40,0x20,0x10,0x08,0x06,0x01,0x00,0x00,0x1F,0x20,0x20,0x20,0x20,0x38,0x00,0x00},

// "系" (索引171)
{0x00,0x00,0x22,0x32,0x2A,0xA6,0xA2,0x62,0x21,0x11,0x09,0x81,0x01,0x00,0x00,0x00,
 0x00,0x42,0x22,0x13,0x0B,0x42,0x82,0x7E,0x02,0x02,0x0A,0x12,0x23,0x46,0x00,0x00},

// "军" (索引172)
{0x04,0x03,0x11,0x91,0x51,0x31,0x1D,0xD1,0x11,0x11,0x11,0x11,0x11,0x05,0x03,0x00,
 0x08,0x08,0x09,0x09,0x09,0x09,0x09,0x7F,0x09,0x09,0x09,0x09,0x09,0x08,0x08,0x00},

// "很" (索引173)
{0x00,0x10,0x88,0xC4,0x33,0x00,0xFE,0x92,0x92,0x92,0x92,0x92,0xFE,0x00,0x00,0x00,
 0x02,0x01,0x00,0xFF,0x00,0x00,0xFF,0x40,0x20,0x03,0x0C,0x14,0x22,0x41,0x40,0x00},

// "情" (索引174)
{0x00,0xE0,0x00,0xFF,0x10,0x64,0x54,0x54,0x54,0x7F,0x54,0x54,0x54,0x44,0x40,0x00,
 0x01,0x00,0x00,0xFF,0x00,0x00,0xFF,0x15,0x15,0x15,0x55,0x95,0x7F,0x00,0x00,0x00},

// "者" (索引175)
{0x20,0x20,0x24,0x24,0x24,0x24,0xBF,0x64,0x24,0x34,0x28,0x24,0x22,0x20,0x20,0x00,
 0x10,0x08,0x04,0x02,0xFF,0x49,0x49,0x49,0x49,0x49,0x49,0xFF,0x00,0x00,0x00,0x00},

// "最" (索引176)
{0x40,0x40,0xC0,0x5F,0x55,0x55,0xD5,0x55,0x55,0x55,0x55,0x5F,0x40,0x40,0x40,0x00,
 0x20,0x60,0x3F,0x25,0x15,0x15,0xFF,0x90,0x47,0x29,0x11,0x2D,0x43,0x80,0x80,0x00},

// "立" (索引177)
{0x00,0x10,0x10,0x90,0x10,0x10,0x11,0x16,0x10,0x10,0x10,0xD0,0x10,0x10,0x00,0x00,
 0x40,0x40,0x40,0x40,0x43,0x5C,0x40,0x40,0x50,0x4C,0x43,0x40,0x40,0x40,0x40,0x00},

// "代" (索引178)
{0x00,0x80,0x60,0xF8,0x07,0x20,0x20,0x20,0x7F,0xA0,0x10,0x11,0x16,0x10,0x10,0x00,
 0x01,0x00,0x00,0xFF,0x00,0x00,0x00,0x00,0x00,0x03,0x0C,0x10,0x20,0x40,0xF8,0x00},

// "想" (索引179)
{0x00,0x08,0x88,0x68,0xFF,0x48,0x88,0x00,0xFE,0x52,0x52,0x52,0xFE,0x00,0x00,0x00,
 0x40,0x31,0x00,0x00,0x3B,0x40,0x40,0x44,0x5B,0x42,0x42,0x72,0x03,0x08,0x30,0x00},

// "已" (索引180)
{0x00,0x00,0xE2,0x82,0x82,0x82,0x82,0x82,0x82,0x82,0x82,0xFE,0x00,0x00,0x00,0x00,
 0x00,0x00,0x3F,0x40,0x40,0x40,0x40,0x40,0x40,0x40,0x40,0x40,0x40,0x78,0x00,0x00},

// "通" (索引181)
{0x20,0x21,0xE6,0x00,0x00,0xF1,0x91,0x95,0x95,0xF9,0x95,0x93,0x91,0xF0,0x00,0x00,
 0x40,0x20,0x1F,0x20,0x40,0x7F,0x44,0x44,0x44,0x5F,0x44,0x54,0x64,0x5F,0x40,0x00},

// "并" (索引182)
{0x00,0x10,0x10,0x11,0xF6,0x10,0x10,0x10,0x10,0x10,0xF4,0x13,0x10,0x10,0x00,0x00,
 0x02,0x82,0x42,0x32,0x0F,0x02,0x02,0x02,0x02,0x02,0xFF,0x02,0x02,0x02,0x02,0x00},

// "提" (索引183)
{0x10,0x10,0x10,0xFF,0x10,0x90,0x00,0xFE,0x92,0x92,0x92,0x92,0x92,0xFE,0x00,0x00,
 0x04,0x44,0x82,0x7F,0x01,0x80,0x42,0x3A,0x42,0x82,0xFE,0x92,0x92,0x92,0x82,0x00},

// "直" (索引184)
{0x00,0x04,0x04,0xF4,0x94,0x94,0x94,0x9F,0x94,0x94,0x94,0xF4,0x04,0x04,0x00,0x00,
 0x40,0x40,0x40,0x7F,0x4A,0x4A,0x4A,0x4A,0x4A,0x4A,0x4A,0x7F,0x40,0x40,0x40,0x00},

// "题" (索引185)
{0x40,0x40,0x5F,0x55,0xD5,0x55,0x5F,0x40,0x01,0xF9,0x0D,0xEB,0x09,0xF9,0x01,0x00,
 0x40,0x30,0x0E,0x10,0x3F,0x22,0x22,0x22,0x28,0x25,0x22,0x21,0x22,0x25,0x28,0x00},

// "党" (索引186)
{0x40,0x30,0x10,0x92,0x9C,0x90,0x90,0x9F,0x90,0x90,0x98,0x96,0x10,0x50,0x30,0x00,
 0x80,0x80,0x40,0x47,0x24,0x1C,0x04,0x04,0x04,0x7C,0x84,0x87,0x80,0x80,0xE0,0x00},

// "程" (索引187)
{0x24,0x24,0xA4,0xFE,0x23,0x22,0x00,0x3E,0x22,0x22,0x22,0x22,0x22,0x3E,0x00,0x00,
 0x08,0x06,0x01,0xFF,0x01,0x06,0x40,0x49,0x49,0x49,0x7F,0x49,0x49,0x49,0x41,0x00},

// "展" (索引188)
{0x00,0x00,0xFF,0x09,0x49,0x49,0xF9,0x49,0x49,0x49,0xF9,0x49,0x49,0x0F,0x00,0x00,
 0x40,0x30,0x0F,0x02,0x02,0x7E,0x23,0x12,0x06,0x0A,0x13,0x1A,0x26,0x22,0x22,0x00},

// "五" (索引189)
{0x00,0x02,0x42,0x42,0x42,0xC2,0x7E,0x42,0x42,0x42,0x42,0xC2,0x02,0x02,0x00,0x00,
 0x40,0x40,0x40,0x40,0x78,0x47,0x40,0x40,0x40,0x40,0x40,0x7F,0x40,0x40,0x40,0x00},

// "果" (索引190)
{0x00,0x00,0x00,0xFF,0x49,0x49,0x49,0xFF,0x49,0x49,0x49,0xFF,0x00,0x00,0x00,0x00,
 0x22,0x22,0x12,0x12,0x0A,0x06,0x02,0x7F,0x02,0x06,0x0A,0x12,0x12,0x22,0x22,0x00},

// "料" (索引191)
{0x40,0x44,0x58,0xC0,0xFF,0x50,0x4C,0x00,0x22,0xCC,0x00,0x00,0xFF,0x00,0x00,0x00,
 0x10,0x08,0x06,0x01,0xFF,0x01,0x06,0x00,0x04,0x04,0x04,0x04,0xFF,0x02,0x02,0x00},

// "象" (索引192)
{0x10,0x08,0x7C,0x4A,0x4B,0xCA,0xEA,0x5A,0x4A,0x4A,0x4E,0x48,0x78,0x00,0x00,0x00,
 0x40,0x4A,0x4A,0x29,0x25,0x14,0x52,0x89,0x7E,0x04,0x0A,0x11,0x20,0x40,0x40,0x00},

// "员" (索引193)
{0x00,0x00,0xE0,0x2F,0x29,0x29,0x29,0x29,0x29,0x29,0x29,0x2F,0xE0,0x00,0x00,0x00,
 0x40,0x40,0x47,0x20,0x20,0x10,0x08,0x07,0x08,0x08,0x10,0x10,0x27,0x40,0x00,0x00},

// "革" (索引194)
{0x00,0x04,0x84,0x84,0xBF,0xA4,0xA4,0xE4,0xA4,0xA4,0xBF,0x84,0x84,0x04,0x00,0x00,
 0x10,0x10,0x17,0x14,0x14,0x14,0x14,0xFF,0x14,0x14,0x14,0x14,0x17,0x10,0x10,0x00},

// "位" (索引195)
{0x00,0x80,0x60,0xF8,0x07,0x10,0x90,0x10,0x11,0x16,0x10,0x10,0xD0,0x10,0x00,0x00,
 0x01,0x00,0x00,0xFF,0x40,0x40,0x41,0x5E,0x40,0x40,0x70,0x4E,0x41,0x40,0x40,0x00},

// "入" (索引196)
{0x00,0x00,0x00,0x00,0x00,0x01,0xE2,0x1C,0xE0,0x00,0x00,0x00,0x00,0x00,0x00,0x00,
 0x80,0x40,0x20,0x10,0x0C,0x03,0x00,0x00,0x00,0x03,0x0C,0x30,0x40,0x80,0x80,0x00},

// "常" (索引197)
{0x20,0x18,0x08,0xEA,0xAC,0xA8,0xA8,0xAF,0xA8,0xA8,0xAC,0xEA,0x08,0x28,0x18,0x00,
 0x00,0x00,0x3E,0x02,0x02,0x02,0x02,0xFF,0x02,0x02,0x12,0x22,0x1E,0x00,0x00,0x00},

// "文" (索引198)
{0x08,0x08,0x08,0x38,0xC8,0x08,0x09,0x0E,0x08,0x08,0xC8,0x38,0x08,0x08,0x08,0x00,
 0x80,0x80,0x40,0x40,0x20,0x11,0x0A,0x04,0x0A,0x11,0x20,0x40,0x40,0x80,0x80,0x00},

// "总" (索引199)
{0x00,0x00,0x00,0xF1,0x12,0x14,0x10,0x10,0x10,0x14,0x12,0xF1,0x00,0x00,0x00,0x00,
 0x40,0x30,0x00,0x03,0x39,0x41,0x41,0x45,0x59,0x41,0x41,0x73,0x00,0x08,0x30,0x00},

// "次" (索引200)
{0x00,0x02,0x0C,0x80,0x60,0x80,0x40,0x30,0x0F,0xC8,0x08,0x08,0x28,0x18,0x00,0x00,
 0x02,0x02,0x7E,0x01,0x80,0x40,0x20,0x18,0x06,0x01,0x06,0x18,0x20,0x40,0x80,0x00},

// "品" (索引201)
{0x00,0x00,0x00,0x3F,0x21,0x21,0x21,0x21,0x21,0x21,0x21,0x3F,0x00,0x00,0x00,0x00,
 0x00,0x7F,0x21,0x21,0x21,0x7F,0x00,0x00,0x00,0x7F,0x21,0x21,0x21,0x7F,0x00,0x00},

// "式" (索引202)
{0x10,0x10,0x90,0x90,0x90,0x90,0x90,0x10,0x10,0xFF,0x10,0x10,0x11,0x16,0x10,0x00,
 0x00,0x20,0x60,0x20,0x3F,0x10,0x10,0x10,0x00,0x03,0x0C,0x10,0x20,0x40,0xF8,0x00},

// "活" (索引203)
{0x10,0x60,0x02,0x8C,0x00,0x20,0x24,0x24,0x24,0xFE,0x22,0x23,0x22,0x20,0x20,0x00,
 0x04,0x04,0x7E,0x01,0x00,0x00,0xFE,0x42,0x42,0x43,0x42,0x42,0xFE,0x00,0x00,0x00},

// "设" (索引204)
{0x20,0x20,0x21,0xE6,0x00,0x20,0x50,0xCF,0x41,0x41,0x41,0x4F,0xD0,0x10,0x10,0x00,
 0x00,0x00,0x00,0x1F,0x48,0x44,0x20,0x21,0x16,0x08,0x14,0x23,0x20,0x40,0x40,0x00},

// "及" (索引205)
{0x00,0x00,0x01,0x01,0xFF,0x21,0xC1,0x01,0x21,0x39,0x27,0x20,0xE0,0x00,0x00,0x00,
 0x40,0x20,0x18,0x06,0x41,0x40,0x20,0x23,0x14,0x08,0x14,0x23,0x20,0x40,0x40,0x00},

// "管" (索引206)
{0x88,0x64,0x23,0xA2,0xA6,0xAA,0xA2,0xBA,0xA4,0xA3,0xA2,0x26,0x2A,0xA2,0x62,0x00,
 0x00,0x00,0x00,0xFF,0x4A,0x4A,0x4A,0x4A,0x4A,0x4A,0x4B,0xF8,0x00,0x00,0x00,0x00},

// "特" (索引207)
{0x40,0x3C,0x10,0xFF,0x10,0x10,0x40,0x48,0x48,0x48,0x7F,0x48,0xC8,0x48,0x40,0x00,
 0x02,0x06,0x02,0xFF,0x01,0x01,0x00,0x02,0x0A,0x12,0x42,0x82,0x7F,0x02,0x02,0x00},

// "件" (索引208)
{0x00,0x80,0x60,0xF8,0x07,0x80,0x60,0x1C,0x10,0x10,0xFF,0x10,0x10,0x10,0x00,0x00,
 0x01,0x00,0x00,0xFF,0x00,0x02,0x02,0x02,0x02,0x02,0xFF,0x02,0x02,0x02,0x02,0x00},

// "长" (索引209)
{0x80,0x80,0x80,0x80,0xFF,0x80,0x80,0xA0,0x90,0x88,0x84,0x82,0x80,0x80,0x80,0x00,
 0x00,0x00,0x00,0x00,0xFF,0x40,0x21,0x12,0x04,0x08,0x10,0x20,0x20,0x40,0x40,0x00},

// "求" (索引210)
{0x00,0x08,0x28,0x48,0x88,0x08,0x08,0xFF,0x88,0x08,0x89,0x4A,0x28,0x08,0x00,0x00,
 0x00,0x10,0x10,0x08,0x04,0x42,0x81,0x7F,0x00,0x01,0x02,0x04,0x08,0x10,0x10,0x00},

// "老" (索引211)
{0x20,0x20,0x24,0x24,0x24,0x24,0xBF,0x64,0x24,0x34,0x28,0x24,0x22,0x20,0x20,0x00,
 0x10,0x08,0x04,0x02,0x3F,0x45,0x44,0x44,0x42,0x42,0x42,0x41,0x78,0x00,0x00,0x00},

// "头" (索引212)
{0x00,0x00,0x10,0x60,0x04,0x18,0x00,0x00,0xFF,0x00,0x00,0x00,0x00,0x00,0x00,0x00,
 0x81,0x81,0x41,0x41,0x21,0x11,0x09,0x07,0x01,0x05,0x09,0x11,0x21,0xC1,0x01,0x00},

// "基" (索引213)
{0x00,0x04,0x04,0x04,0xFF,0x54,0x54,0x54,0x54,0x54,0xFF,0x04,0x04,0x04,0x00,0x00,
 0x11,0x11,0x89,0x85,0x93,0x91,0x91,0xFD,0x91,0x91,0x93,0x85,0x89,0x11,0x11,0x00},

// "资" (索引214)
{0x20,0x22,0xE4,0x10,0x08,0x90,0x88,0x47,0x24,0x1C,0x24,0x44,0x94,0x8C,0x00,0x00,
 0x00,0x80,0x80,0x9F,0x41,0x41,0x21,0x1D,0x01,0x21,0x21,0x5F,0x40,0x80,0x00,0x00},

// "边" (索引215)
{0x40,0x40,0x42,0xCC,0x00,0x00,0x08,0x08,0x88,0x7F,0x08,0x08,0x08,0xF8,0x00,0x00,
 0x00,0x40,0x20,0x1F,0x20,0x50,0x48,0x46,0x41,0x40,0x48,0x50,0x48,0x47,0x40,0x00},

// "流" (索引216)
{0x10,0x60,0x02,0x8C,0x00,0x44,0x64,0x54,0x4D,0x46,0x44,0x54,0x64,0xC4,0x04,0x00,
 0x04,0x04,0x7E,0x01,0x80,0x40,0x3E,0x00,0x00,0xFE,0x00,0x00,0x7E,0x80,0xE0,0x00},

// "路" (索引217)
{0x00,0x3E,0x22,0xE2,0x22,0x3E,0x00,0x10,0x88,0x57,0x24,0x54,0x8C,0x00,0x00,0x00,
 0x40,0x7E,0x40,0x3F,0x22,0x22,0x00,0x01,0xFE,0x42,0x42,0x42,0xFE,0x01,0x01,0x00},

// "级" (索引218)
{0x20,0x30,0xAC,0x63,0x30,0x00,0x02,0x02,0xFE,0x02,0x02,0x62,0x5A,0xC6,0x00,0x00,
 0x22,0x67,0x22,0x12,0x12,0x40,0x30,0x8F,0x80,0x43,0x2C,0x10,0x2C,0x43,0x80,0x00},

// "少" (索引219)
{0x00,0x00,0x80,0x60,0x18,0x00,0x00,0xFF,0x00,0x00,0x08,0x90,0x20,0xC0,0x00,0x00,
 0x00,0x81,0x80,0x80,0x40,0x40,0x20,0x13,0x08,0x04,0x02,0x01,0x00,0x00,0x00,0x00},

// "图" (索引220)
{0x00,0xFF,0x01,0x21,0x11,0x99,0xAF,0x49,0xA9,0x99,0x09,0x01,0x01,0xFF,0x00,0x00,
 0x00,0x7F,0x21,0x21,0x21,0x28,0x2A,0x32,0x34,0x20,0x21,0x21,0x21,0x7F,0x00,0x00},

// "山" (索引221)
{0x00,0x00,0xF0,0x00,0x00,0x00,0x00,0xFF,0x00,0x00,0x00,0x00,0xF0,0x00,0x00,0x00,
 0x00,0x00,0x3F,0x20,0x20,0x20,0x20,0x3F,0x20,0x20,0x20,0x20,0x7F,0x00,0x00,0x00},

// "统" (索引222)
{0x20,0x30,0xAC,0x63,0x30,0x00,0x88,0xC8,0xA8,0x99,0x8E,0x88,0xA8,0xC8,0x88,0x00,
 0x22,0x67,0x22,0x12,0x12,0x80,0x40,0x30,0x0F,0x00,0x00,0x3F,0x40,0x40,0x71,0x00},

// "接" (索引223)
{0x10,0x10,0x10,0xFF,0x10,0x50,0x44,0x54,0x65,0xC6,0x44,0x64,0x54,0x44,0x40,0x00,
 0x04,0x44,0x82,0x7F,0x01,0x82,0x82,0x4A,0x56,0x23,0x22,0x52,0x4E,0x82,0x02,0x00},

// "知" (索引224)
{0x20,0x18,0x0F,0x08,0xF8,0x08,0x08,0x00,0x00,0xFC,0x04,0x04,0x04,0xFC,0x00,0x00,
 0x81,0x41,0x31,0x0D,0x03,0x0D,0x71,0x01,0x00,0x3F,0x10,0x10,0x10,0x3F,0x00,0x00},

// "较" (索引225)
{0xC8,0xB8,0x8F,0xE8,0x88,0x88,0x80,0x48,0x28,0x09,0x0E,0x08,0x28,0x48,0x88,0x00,
 0x08,0x18,0x08,0xFF,0x04,0x04,0x80,0x80,0x43,0x2C,0x10,0x2C,0x43,0x80,0x80,0x00},

// "将" (索引226)
{0x00,0x08,0x30,0x00,0xFF,0x00,0x88,0x84,0x53,0x22,0x12,0xCA,0x06,0x00,0x00,0x00,
 0x04,0x04,0x02,0x01,0xFF,0x00,0x02,0x0A,0x12,0x42,0x82,0x7F,0x02,0x02,0x02,0x00},

// "组" (索引227)
{0x20,0x30,0xAC,0x63,0x30,0x00,0x00,0xFE,0x22,0x22,0x22,0x22,0xFE,0x00,0x00,0x00,
 0x22,0x67,0x22,0x12,0x12,0x40,0x40,0x7F,0x42,0x42,0x42,0x42,0x7F,0x40,0x40,0x00},

// "见" (索引228)
{0x00,0x00,0x00,0xFF,0x01,0x01,0x01,0xF9,0x01,0x01,0x01,0xFF,0x00,0x00,0x00,0x00,
 0x40,0x40,0x20,0x23,0x10,0x0C,0x03,0x00,0x3F,0x40,0x40,0x43,0x40,0x40,0x70,0x00},

// "计" (索引229)
{0x40,0x40,0x42,0xCC,0x00,0x40,0x40,0x40,0x40,0xFF,0x40,0x40,0x40,0x40,0x40,0x00,
 0x00,0x00,0x00,0x7F,0x20,0x10,0x00,0x00,0x00,0xFF,0x00,0x00,0x00,0x00,0x00,0x00},

// "别" (索引230)
{0x00,0x3E,0x22,0xE2,0x22,0x22,0x22,0x3E,0x00,0x00,0xF8,0x00,0x00,0xFF,0x00,0x00,
 0x81,0x41,0x31,0x0F,0x41,0x81,0x41,0x3F,0x00,0x00,0x0F,0x40,0x80,0x7F,0x00,0x00},

// "她" (索引231)
{0x10,0x10,0xF0,0x1F,0x10,0xF0,0x80,0xF8,0x80,0x40,0xFF,0x20,0x10,0xF0,0x00,0x00,
 0x40,0x22,0x15,0x08,0x16,0x61,0x00,0x3F,0x40,0x40,0x5F,0x42,0x44,0x43,0x78,0x00},

// "手" (索引232)
{0x00,0x00,0x24,0x24,0x24,0x24,0x24,0xFC,0x22,0x22,0x22,0x23,0x22,0x00,0x00,0x00,
 0x02,0x02,0x02,0x02,0x02,0x42,0x82,0x7F,0x02,0x02,0x02,0x02,0x02,0x02,0x02,0x00},

// "角" (索引233)
{0x20,0x10,0xE8,0x24,0x27,0x24,0x24,0xE4,0x24,0x34,0x2C,0x20,0xE0,0x00,0x00,0x00,
 0x80,0x60,0x1F,0x09,0x09,0x09,0x09,0x7F,0x09,0x09,0x49,0x89,0x7F,0x00,0x00,0x00},

// "期" (索引234)
{0x00,0x04,0xFF,0x24,0x24,0x24,0xFF,0x04,0x00,0xFE,0x22,0x22,0x22,0xFE,0x00,0x00,
 0x88,0x48,0x2F,0x09,0x09,0x19,0xAF,0x48,0x30,0x0F,0x02,0x42,0x82,0x7F,0x00,0x00},

// "根" (索引235)
{0x10,0x10,0xD0,0xFF,0x90,0x00,0xFE,0x92,0x92,0x92,0x92,0x92,0xFE,0x00,0x00,0x00,
 0x04,0x03,0x00,0xFF,0x00,0x01,0xFF,0x40,0x20,0x03,0x0C,0x14,0x22,0x41,0x40,0x00},

// "论" (索引236)
{0x40,0x40,0x42,0xCC,0x00,0x40,0x20,0x90,0x0C,0x03,0x0C,0x90,0x20,0x40,0x40,0x00,
 0x00,0x00,0x00,0x7F,0x20,0x10,0x00,0x3F,0x44,0x42,0x41,0x40,0x40,0x70,0x00,0x00},

// "运" (索引237)
{0x40,0x40,0x42,0xCC,0x00,0x20,0x22,0x22,0xA2,0x62,0x22,0x22,0x22,0x20,0x00,0x00,
 0x00,0x40,0x20,0x1F,0x20,0x44,0x4E,0x45,0x44,0x44,0x44,0x45,0x46,0x4C,0x40,0x00},

// "农" (索引238)
{0x20,0x18,0x08,0x08,0x08,0xC8,0x38,0xCF,0x08,0x08,0x08,0x08,0xA8,0x18,0x00,0x00,
 0x10,0x08,0x04,0x02,0xFF,0x40,0x20,0x00,0x03,0x04,0x0A,0x11,0x20,0x40,0x40,0x00},

// "指" (索引239)
{0x10,0x10,0x10,0xFF,0x10,0x90,0x00,0x3F,0x48,0x48,0x44,0x44,0x44,0x42,0x70,0x00,
 0x04,0x44,0x82,0x7F,0x01,0x00,0x00,0xFF,0x49,0x49,0x49,0x49,0x49,0xFF,0x00,0x00},

// "几" (索引240)
{0x00,0x00,0x00,0x00,0xFF,0x01,0x01,0x01,0x01,0x01,0xFF,0x00,0x00,0x00,0x00,0x00,
 0x40,0x20,0x18,0x06,0x01,0x00,0x00,0x00,0x00,0x00,0x1F,0x20,0x20,0x20,0x3C,0x00},

// "九" (索引241)
{0x00,0x10,0x10,0x10,0x10,0xFF,0x10,0x10,0x10,0x10,0xF0,0x00,0x00,0x00,0x00,0x00,
 0x80,0x40,0x20,0x18,0x07,0x00,0x00,0x00,0x00,0x00,0x3F,0x40,0x40,0x40,0x78,0x00},

// "区" (索引242)
{0x00,0xFE,0x02,0x02,0x02,0x12,0x22,0x42,0x82,0x42,0x22,0x1A,0x02,0x02,0x00,0x00,
 0x00,0x7F,0x40,0x40,0x48,0x44,0x42,0x41,0x40,0x41,0x42,0x4C,0x40,0x40,0x40,0x00},

// "强" (索引243)
{0x01,0xF1,0x11,0x11,0x1F,0x00,0xC0,0x4F,0x49,0x49,0xF9,0x49,0x49,0x4F,0xC0,0x00,
 0x00,0x21,0x41,0x21,0x1F,0x20,0x23,0x22,0x22,0x22,0x3F,0x22,0x22,0x2A,0x73,0x00},

// "放" (索引244)
{0x08,0x08,0xF9,0x4A,0x48,0xC8,0x48,0x20,0xD8,0x17,0x10,0x10,0xF0,0x10,0x10,0x00,
 0x40,0x30,0x0F,0x20,0x40,0x3F,0x80,0x40,0x21,0x16,0x08,0x16,0x21,0x40,0x80,0x00},

// "决" (索引245)
{0x00,0x02,0x0C,0xC0,0x00,0x08,0x08,0x08,0xFF,0x08,0x08,0x08,0xF8,0x00,0x00,0x00,
 0x02,0x02,0x7F,0x80,0x41,0x21,0x11,0x0D,0x03,0x0D,0x11,0x21,0x41,0x81,0x81,0x00},

// "西" (索引246)
{0x01,0x01,0xF1,0x11,0x11,0xFF,0x11,0x11,0x11,0xFF,0x11,0x11,0xF1,0x01,0x01,0x00,
 0x00,0x00,0x7F,0x24,0x22,0x21,0x20,0x20,0x20,0x21,0x22,0x22,0x7F,0x00,0x00,0x00},

// "被" (索引247)
{0x08,0x08,0x89,0xEA,0x98,0x40,0x00,0xF8,0x88,0x88,0x88,0xFF,0x88,0xA8,0x18,0x00,
 0x02,0x01,0x00,0xFF,0x00,0x81,0x60,0x1F,0x80,0x43,0x2C,0x10,0x2C,0x43,0x80,0x00},

// "干" (索引248)
{0x40,0x40,0x41,0x41,0x41,0x41,0x41,0xFF,0x41,0x41,0x41,0x41,0x41,0x40,0x40,0x00,
 0x00,0x00,0x00,0x00,0x00,0x00,0x00,0x7F,0x00,0x00,0x00,0x00,0x00,0x00,0x00,0x00},

// "做" (索引249)
{0x80,0x60,0xF8,0x07,0x88,0x88,0xFF,0x88,0x88,0x20,0xD8,0x17,0x10,0xF0,0x10,0x00,
 0x00,0x00,0xFF,0x00,0x3F,0x10,0x10,0x10,0x9F,0x40,0x37,0x08,0x36,0x41,0x80,0x00},

// "必" (索引250)
{0x00,0x00,0xE0,0x00,0xF0,0x01,0x02,0x0C,0x80,0x60,0x18,0x06,0x20,0xC0,0x00,0x00,
 0x04,0x43,0x20,0x10,0x1F,0x24,0x22,0x21,0x20,0x20,0x20,0x3C,0x00,0x00,0x07,0x00},

// "战" (索引251)
{0x00,0x00,0x00,0xFF,0x08,0x08,0x08,0x40,0x40,0x40,0xFF,0x20,0x22,0xAC,0x20,0x00,
 0x00,0x7F,0x21,0x21,0x21,0x21,0x7F,0x80,0x40,0x20,0x17,0x18,0x26,0x41,0xF0,0x00},

// "先" (索引252)
{0x80,0xA0,0x90,0x8E,0x88,0x88,0x88,0xFF,0x88,0x88,0x88,0x88,0x88,0x80,0x80,0x00,
 0x80,0x80,0x40,0x20,0x18,0x07,0x00,0x00,0x00,0x3F,0x40,0x40,0x40,0x40,0x70,0x00},

// "回" (索引253)
{0x00,0x00,0xFE,0x02,0x02,0xF2,0x12,0x12,0x12,0xF2,0x02,0x02,0xFE,0x00,0x00,0x00,
 0x00,0x00,0x7F,0x20,0x20,0x27,0x24,0x24,0x24,0x27,0x20,0x20,0x7F,0x00,0x00,0x00},

// "则" (索引254)
{0x00,0xFE,0x02,0x02,0xF2,0x02,0x02,0xFE,0x00,0x00,0xF8,0x00,0x00,0xFF,0x00,0x00,
 0x80,0x47,0x20,0x18,0x07,0x08,0x10,0x27,0xC0,0x00,0x0F,0x40,0x80,0x7F,0x00,0x00},

// "任" (索引255)
{0x00,0x80,0x60,0xF8,0x87,0x80,0x84,0x84,0x84,0xFE,0x82,0x83,0x82,0x80,0x80,0x00,
 0x01,0x00,0x00,0xFF,0x00,0x40,0x40,0x40,0x40,0x7F,0x40,0x40,0x40,0x40,0x00,0x00},

// "取" (索引256)
{0x01,0x01,0xFF,0x49,0x49,0x49,0xFF,0x01,0x03,0x7E,0x82,0x02,0x82,0x7E,0x00,0x00,
 0x04,0x0C,0x07,0x04,0x04,0x02,0x7F,0x02,0x42,0x20,0x13,0x0C,0x13,0x20,0x40,0x00},

// "据" (索引257)
{0x10,0x10,0xFF,0x10,0x90,0x00,0xFE,0x92,0x92,0x92,0xF2,0x92,0x92,0x9E,0x80,0x00,
 0x42,0x82,0x7F,0x01,0x80,0x60,0x1F,0x00,0xFC,0x44,0x47,0x44,0x44,0xFC,0x00,0x00},

// "处" (索引258)
{0x00,0x80,0x60,0x9F,0x08,0x08,0xF8,0x00,0x00,0xFF,0x10,0x20,0x40,0x80,0x00,0x00,
 0x81,0x40,0x20,0x13,0x0C,0x13,0x20,0x20,0x40,0x5F,0x40,0x40,0x40,0x41,0x40,0x00},

// "队" (索引259)
{0x00,0xFE,0x02,0x22,0xDA,0x06,0x00,0x00,0x00,0xFF,0x00,0x00,0x00,0x00,0x00,0x00,
 0x00,0xFF,0x08,0x10,0x88,0x47,0x20,0x18,0x07,0x00,0x07,0x18,0x20,0x40,0x80,0x00},

// "南" (索引260)
{0x04,0xE4,0x24,0x24,0x64,0xA4,0x24,0x3F,0x24,0xA4,0x64,0x24,0x24,0xE4,0x04,0x00,
 0x00,0xFF,0x00,0x08,0x09,0x09,0x09,0x7F,0x09,0x09,0x09,0x48,0x80,0x7F,0x00,0x00},

// "给" (索引261)
{0x20,0x30,0xAC,0x63,0x10,0x20,0x50,0x48,0x44,0x43,0x44,0x48,0x50,0x20,0x20,0x00,
 0x22,0x67,0x22,0x12,0x12,0x00,0xFE,0x42,0x42,0x42,0x42,0x42,0xFE,0x00,0x00,0x00},

// "色" (索引262)
{0x20,0x10,0xE8,0x24,0x27,0x24,0x24,0xE4,0x24,0x34,0x2C,0x20,0xE0,0x00,0x00,0x00,
 0x00,0x00,0x3F,0x42,0x42,0x42,0x42,0x43,0x42,0x42,0x42,0x42,0x43,0x40,0x78,0x00},

// "光" (索引263)
{0x40,0x40,0x42,0x44,0x58,0xC0,0x40,0x7F,0x40,0xC0,0x50,0x48,0x46,0x40,0x40,0x00,
 0x80,0x80,0x40,0x20,0x18,0x07,0x00,0x00,0x00,0x3F,0x40,0x40,0x40,0x40,0x78,0x00},

// "门" (索引264)
{0x00,0xF8,0x01,0x06,0x00,0x00,0x02,0x02,0x02,0x02,0x02,0x02,0x02,0xFE,0x00,0x00,
 0x00,0xFF,0x00,0x00,0x00,0x00,0x00,0x00,0x00,0x00,0x00,0x40,0x80,0x7F,0x00,0x00},

// "即" (索引265)
{0x00,0xFF,0x49,0x49,0x49,0x49,0x7F,0x00,0x00,0xFF,0x01,0x01,0x01,0xFF,0x00,0x00,
 0x00,0x1F,0x10,0x08,0x05,0x02,0x0C,0x00,0x00,0x7F,0x00,0x02,0x04,0x03,0x00,0x00},

// "保" (索引266)
{0x00,0x80,0x60,0xF8,0x07,0x00,0x3E,0x22,0x22,0xE2,0x22,0x22,0x3E,0x00,0x00,0x00,
 0x01,0x00,0x00,0xFF,0x20,0x11,0x09,0x05,0x03,0xFF,0x03,0x05,0x09,0x11,0x20,0x00},

// "治" (索引267)
{0x10,0x60,0x02,0x8C,0x00,0x20,0x30,0x28,0x24,0x23,0x20,0x28,0x30,0x60,0x00,0x00,
 0x04,0x04,0x7E,0x01,0x00,0x00,0xFF,0x41,0x41,0x41,0x41,0x41,0xFF,0x00,0x00,0x00},

// "北" (索引268)
{0x00,0x20,0x20,0x20,0x20,0xFF,0x00,0x00,0x00,0xFF,0x40,0x20,0x10,0x08,0x00,0x00,
 0x20,0x60,0x20,0x10,0x10,0xFF,0x00,0x00,0x00,0x3F,0x40,0x40,0x40,0x40,0x78,0x00},

// "造" (索引269)
{0x40,0x40,0x42,0xCC,0x00,0x28,0x26,0x24,0x24,0x3F,0x24,0x24,0x24,0x20,0x00,0x00,
 0x00,0x40,0x20,0x1F,0x20,0x40,0x5F,0x49,0x49,0x49,0x49,0x49,0x5F,0x40,0x40,0x00},

// "百" (索引270)
{0x01,0x01,0xF1,0x11,0x11,0x19,0x15,0x13,0x11,0x11,0x11,0x11,0xF1,0x01,0x01,0x00,
 0x00,0x00,0x7F,0x21,0x21,0x21,0x21,0x21,0x21,0x21,0x21,0x21,0x7F,0x00,0x00,0x00},

// "规" (索引271)
{0x80,0x88,0x88,0xFF,0x88,0x88,0x80,0xFE,0x02,0x02,0xF2,0x02,0x02,0xFE,0x00,0x00,
 0x40,0x20,0x18,0x07,0x08,0xB0,0x40,0x23,0x18,0x06,0x01,0x7E,0x80,0x83,0xE0,0x00},

// "热" (索引272)
{0x08,0x08,0x88,0xFF,0x48,0x48,0x00,0x08,0x48,0xFF,0x08,0x08,0xF8,0x00,0x00,0x00,
 0x81,0x65,0x08,0x07,0x20,0xC0,0x08,0x04,0x23,0xC0,0x03,0x00,0x23,0xC4,0x0F,0x00},

// "领" (索引273)
{0x20,0x10,0x0C,0x23,0x44,0x08,0x10,0xF2,0x12,0x1A,0xD6,0x12,0x12,0xF2,0x02,0x00,
 0x01,0x09,0x11,0x69,0x05,0x03,0x80,0x4F,0x20,0x18,0x07,0x10,0x20,0x4F,0x80,0x00},

// "七" (索引274)
{0x80,0x80,0x80,0x80,0x80,0x40,0xFF,0x40,0x40,0x40,0x20,0x20,0x20,0x20,0x00,0x00,
 0x00,0x00,0x00,0x00,0x00,0x00,0x3F,0x40,0x40,0x40,0x40,0x40,0x40,0x78,0x00,0x00},

// "海" (索引275)
{0x10,0x60,0x02,0x0C,0xC0,0x10,0x08,0xF7,0x14,0x54,0x94,0x14,0xF4,0x04,0x00,0x00,
 0x04,0x04,0x7C,0x03,0x00,0x01,0x1D,0x13,0x11,0x55,0x99,0x51,0x3F,0x11,0x01,0x00},

// "口" (索引276)
{0x00,0x00,0xFE,0x02,0x02,0x02,0x02,0x02,0x02,0x02,0x02,0x02,0xFE,0x00,0x00,0x00,
 0x00,0x00,0x3F,0x10,0x10,0x10,0x10,0x10,0x10,0x10,0x10,0x10,0x3F,0x00,0x00,0x00},

// "东" (索引277)
{0x00,0x08,0x88,0x48,0x28,0x18,0x0F,0xE8,0x08,0x08,0x08,0x08,0x08,0x08,0x00,0x00,
 0x00,0x20,0x11,0x09,0x05,0x41,0x81,0x7F,0x01,0x01,0x05,0x09,0x11,0x20,0x00,0x00},

// "导" (索引278)
{0x00,0x00,0x3F,0x49,0x49,0x49,0x49,0x49,0x49,0x49,0xC9,0x4F,0x40,0x70,0x00,0x00,
 0x02,0x02,0x02,0x02,0x06,0x1A,0x02,0x02,0x22,0x42,0x3F,0x02,0x02,0x02,0x02,0x00},

// "器" (索引279)
{0x40,0x40,0x4F,0x49,0x49,0x49,0xCF,0x70,0xC0,0x4F,0x59,0x69,0x49,0x4F,0x40,0x00,
 0x04,0x04,0x7A,0x4A,0x49,0x49,0x78,0x00,0x00,0x79,0x49,0x4A,0x4A,0x7C,0x04,0x00},

// "压" (索引280)
{0x00,0x00,0xFF,0x01,0x41,0x41,0x41,0x41,0xFD,0x41,0x41,0x41,0x41,0x41,0x01,0x00,
 0x40,0x30,0x0F,0x20,0x20,0x20,0x20,0x20,0x3F,0x20,0x20,0x22,0x2C,0x20,0x20,0x00},

// "志" (索引281)
{0x08,0x08,0x88,0x88,0x88,0x88,0x88,0xFF,0x88,0x88,0x88,0x88,0x88,0x08,0x08,0x00,
 0x40,0x38,0x00,0x00,0x3C,0x40,0x40,0x42,0x4C,0x40,0x40,0x70,0x04,0x08,0x30,0x00},

// "世" (索引282)
{0x20,0x20,0x20,0xFE,0x20,0x20,0xFF,0x20,0x20,0x20,0xFF,0x20,0x20,0x20,0x20,0x00,
 0x00,0x00,0x00,0x7F,0x40,0x40,0x47,0x44,0x44,0x44,0x47,0x40,0x40,0x40,0x00,0x00},

// "金" (索引283)
{0x80,0x80,0x40,0x20,0x50,0x48,0x44,0xC3,0x44,0x48,0x50,0x20,0x40,0x80,0x80,0x00,
 0x40,0x40,0x42,0x4A,0x72,0x42,0x42,0x7F,0x42,0x42,0x62,0x5A,0x42,0x40,0x40,0x00},

// "增" (索引284)
{0x20,0x20,0xFF,0x20,0x20,0xF8,0x09,0x2A,0x48,0xF8,0x48,0x2A,0x09,0xF8,0x00,0x00,
 0x10,0x30,0x1F,0x08,0x08,0x01,0xFD,0x55,0x55,0x55,0x55,0x55,0xFD,0x01,0x00,0x00},

// "争" (索引285)
{0x20,0x10,0x28,0x24,0x27,0x24,0x24,0xE4,0x24,0x34,0x2C,0x20,0xE0,0x00,0x00,0x00,
 0x00,0x01,0x09,0x09,0x09,0x49,0x89,0x7F,0x09,0x09,0x09,0x09,0x1F,0x01,0x01,0x00},

// "济" (索引286)
{0x10,0x60,0x02,0x8C,0x00,0x04,0x0C,0x94,0xA5,0x46,0xA4,0x94,0x0C,0x04,0x04,0x00,
 0x04,0x04,0x7E,0x01,0x00,0x81,0x61,0x1E,0x00,0x00,0x00,0xFE,0x01,0x01,0x01,0x00},

// "阶" (索引287)
{0x00,0xFE,0x02,0x22,0xDA,0x06,0x40,0x20,0x90,0x0C,0x03,0x0C,0x90,0x20,0x40,0x00,
 0x00,0xFF,0x08,0x10,0x08,0x07,0x80,0x60,0x1F,0x00,0x00,0x00,0xFF,0x00,0x00,0x00},

// "油" (索引288)
{0x10,0x60,0x02,0x8C,0x00,0xF0,0x10,0x10,0x10,0xFF,0x10,0x10,0x10,0xF0,0x00,0x00,
 0x04,0x04,0x7E,0x01,0x00,0xFF,0x42,0x42,0x42,0x7F,0x42,0x42,0x42,0xFF,0x00,0x00},

// "思" (索引289)
{0x00,0x00,0xFE,0x92,0x92,0x92,0x92,0xFE,0x92,0x92,0x92,0x92,0xFE,0x00,0x00,0x00,
 0x40,0x38,0x01,0x00,0x3C,0x40,0x40,0x42,0x4C,0x40,0x40,0x70,0x05,0x08,0x30,0x00},

// "术" (索引290)
{0x00,0x10,0x10,0x10,0x10,0xD0,0x30,0xFF,0x30,0xD0,0x12,0x1C,0x10,0x10,0x00,0x00,
 0x10,0x08,0x04,0x02,0x01,0x00,0x00,0xFF,0x00,0x00,0x01,0x02,0x04,0x08,0x10,0x00},

// "极" (索引291)
{0x10,0x10,0xD0,0xFF,0x90,0x10,0x02,0x02,0xFE,0x02,0x02,0x62,0x5A,0xC6,0x00,0x00,
 0x04,0x03,0x00,0xFF,0x00,0x43,0x30,0x8F,0x80,0x43,0x2C,0x10,0x2C,0x43,0x80,0x00},

// "交" (索引292)
{0x08,0x08,0x88,0x68,0x08,0x08,0x09,0x0E,0x08,0x08,0x88,0x28,0x48,0x88,0x08,0x00,
 0x80,0x81,0x40,0x40,0x21,0x22,0x14,0x08,0x14,0x22,0x41,0x40,0x80,0x81,0x80,0x00},

// "受" (索引293)
{0x80,0x64,0x2C,0x34,0x24,0x24,0x2C,0x32,0x22,0x22,0x32,0x2E,0x23,0xA2,0x60,0x00,
 0x80,0x80,0x41,0x43,0x25,0x29,0x11,0x11,0x11,0x29,0x25,0x43,0x40,0x80,0x80,0x00},

// "联" (索引294)
{0x02,0xFE,0x92,0x92,0xFE,0x02,0x00,0x10,0x11,0x16,0xF0,0x14,0x13,0x10,0x00,0x00,
 0x10,0x1F,0x08,0x08,0xFF,0x04,0x81,0x41,0x31,0x0D,0x03,0x0D,0x31,0x41,0x81,0x00},

// "什" (索引295)
{0x00,0x80,0x60,0xF8,0x07,0x40,0x40,0x40,0x40,0x40,0xFF,0x40,0x40,0x40,0x40,0x00,
 0x01,0x00,0x00,0xFF,0x00,0x00,0x00,0x00,0x00,0x00,0xFF,0x00,0x00,0x00,0x00,0x00},

// "认" (索引296)
{0x40,0x40,0x42,0xCC,0x00,0x00,0x00,0x00,0x00,0xFF,0x00,0x00,0x00,0x00,0x00,0x00,
 0x00,0x00,0x00,0x3F,0x90,0x48,0x20,0x18,0x07,0x00,0x07,0x18,0x20,0x40,0x80,0x00},

// "六" (索引297)
{0x20,0x20,0x20,0x20,0x20,0x20,0x21,0x22,0x2C,0x20,0x20,0x20,0x20,0x20,0x20,0x00,
 0x00,0x40,0x20,0x10,0x0C,0x03,0x00,0x00,0x00,0x01,0x02,0x04,0x18,0x60,0x00,0x00},

// "共" (索引298)
{0x00,0x00,0x10,0x10,0x10,0xFF,0x10,0x10,0x10,0x10,0xFF,0x10,0x10,0x10,0x00,0x00,
 0x00,0x04,0x84,0x44,0x24,0x17,0x04,0x04,0x04,0x04,0x17,0x24,0x44,0x84,0x04,0x00},

// "权" (索引299)
{0x10,0x10,0xD0,0xFF,0x90,0x10,0x02,0x1E,0xE2,0x02,0x02,0x02,0xE2,0x1E,0x00,0x00,
 0x04,0x03,0x00,0xFF,0x00,0x83,0x80,0x40,0x20,0x13,0x0C,0x13,0x20,0x40,0x80,0x00},

// "收" (索引300)
{0x00,0xFC,0x00,0x00,0xFF,0x00,0x40,0x20,0xD8,0x17,0x10,0x10,0xF0,0x10,0x10,0x00,
 0x00,0x0F,0x04,0x02,0xFF,0x00,0x80,0x40,0x21,0x16,0x08,0x16,0x21,0x40,0x80,0x00},

// "证" (索引301)
{0x40,0x40,0x42,0xCC,0x00,0x00,0x04,0xC4,0x04,0x04,0xFC,0x04,0x04,0x04,0x04,0x00,
 0x00,0x00,0x00,0x3F,0x10,0x48,0x40,0x7F,0x40,0x40,0x7F,0x41,0x41,0x41,0x40,0x00},

// "改" (索引302)
{0x04,0x84,0x84,0x84,0x84,0xFC,0x40,0x30,0xCC,0x0B,0x08,0x08,0xF8,0x08,0x08,0x00,
 0x00,0x7F,0x20,0x10,0x10,0x08,0x80,0x40,0x21,0x16,0x08,0x16,0x21,0x40,0x80,0x00},

// "清" (索引303)
{0x10,0x60,0x02,0x8C,0x00,0x44,0x54,0x54,0x54,0x7F,0x54,0x54,0x54,0x44,0x40,0x00,
 0x04,0x04,0x7E,0x01,0x00,0x00,0xFF,0x15,0x15,0x15,0x55,0x95,0x7F,0x00,0x00,0x00},

// "己" (索引304)
{0x00,0x00,0x82,0x82,0x82,0x82,0x82,0x82,0x82,0x82,0x82,0xFE,0x00,0x00,0x00,0x00,
 0x00,0x00,0x3F,0x40,0x40,0x40,0x40,0x40,0x40,0x40,0x40,0x40,0x40,0x78,0x00,0x00},

// "美" (索引305)
{0x00,0x04,0x24,0x24,0x25,0x26,0x24,0xFC,0x24,0x26,0x25,0x24,0x24,0x04,0x00,0x00,
 0x81,0x89,0x89,0x49,0x49,0x29,0x19,0x0F,0x19,0x29,0x49,0x49,0x89,0x89,0x81,0x00},

// "再" (索引306)
{0x01,0x01,0xF9,0x49,0x49,0x49,0x49,0xFF,0x49,0x49,0x49,0x49,0xF9,0x01,0x01,0x00,
 0x02,0x02,0x7F,0x02,0x02,0x02,0x02,0x03,0x02,0x02,0x22,0x42,0x3F,0x02,0x02,0x00},

// "采" (索引307)
{0x00,0x00,0x04,0x14,0x64,0x04,0x0C,0xB4,0x02,0x02,0x42,0x33,0x02,0x00,0x00,0x00,
 0x40,0x41,0x21,0x11,0x09,0x05,0x03,0xFF,0x03,0x05,0x09,0x11,0x21,0x41,0x40,0x00},

// "转" (索引308)
{0xC8,0xB8,0x8F,0xE8,0x88,0x88,0x40,0x48,0x48,0xE8,0x5F,0x48,0x48,0x48,0x40,0x00,
 0x08,0x18,0x08,0xFF,0x04,0x04,0x00,0x02,0x0B,0x12,0x22,0xD2,0x0A,0x06,0x00,0x00},

// "更" (索引309)
{0x01,0x01,0xF9,0x49,0x49,0x49,0x49,0xFF,0x49,0x49,0x49,0x49,0xF9,0x01,0x01,0x00,
 0x40,0x40,0x43,0x26,0x2A,0x12,0x1A,0x27,0x22,0x22,0x42,0x42,0x43,0x40,0x40,0x00},

// "单" (索引310)
{0x00,0x00,0xF8,0x49,0x4A,0x4C,0x48,0xF8,0x48,0x4C,0x4A,0x49,0xF8,0x00,0x00,0x00,
 0x10,0x10,0x13,0x12,0x12,0x12,0x12,0xFF,0x12,0x12,0x12,0x12,0x13,0x10,0x10,0x00},

// "风" (索引311)
{0x00,0x00,0xFF,0x01,0x09,0x11,0x61,0x81,0x61,0x19,0x01,0xFF,0x00,0x00,0x00,0x00,
 0x40,0x30,0x0F,0x00,0x10,0x08,0x06,0x01,0x06,0x18,0x00,0x07,0x18,0x20,0x7C,0x00},

// "切" (索引312)
{0x40,0x40,0x40,0xFF,0x20,0x20,0x20,0x04,0x04,0xFC,0x04,0x04,0x04,0xFC,0x00,0x00,
 0x00,0x00,0x00,0x1F,0x08,0x84,0x42,0x20,0x18,0x07,0x40,0x80,0x40,0x3F,0x00,0x00},

// "打" (索引313)
{0x10,0x10,0x10,0xFF,0x10,0x90,0x04,0x04,0x04,0x04,0xFC,0x04,0x04,0x04,0x04,0x00,
 0x04,0x44,0x82,0x7F,0x01,0x00,0x00,0x00,0x40,0x80,0x7F,0x00,0x00,0x00,0x00,0x00},

// "白" (索引314)
{0x00,0x00,0xF8,0x08,0x08,0x0C,0x0A,0x09,0x08,0x08,0x08,0x08,0xF8,0x00,0x00,0x00,
 0x00,0x00,0xFF,0x41,0x41,0x41,0x41,0x41,0x41,0x41,0x41,0x41,0xFF,0x00,0x00,0x00},

// "教" (索引315)
{0x20,0xA4,0xA4,0xA4,0xFF,0xA4,0xB4,0x28,0x84,0x70,0x8F,0x08,0x08,0xF8,0x08,0x00,
 0x04,0x0A,0x49,0x88,0x7E,0x05,0x04,0x84,0x40,0x20,0x13,0x0C,0x33,0x40,0x80,0x00},

// "速" (索引316)
{0x40,0x40,0x42,0xCC,0x00,0x04,0xF4,0x94,0x94,0xFF,0x94,0x94,0xF4,0x04,0x00,0x00,
 0x00,0x40,0x20,0x1F,0x20,0x48,0x44,0x42,0x41,0x5F,0x41,0x42,0x44,0x48,0x40,0x00},

// "花" (索引317)
{0x04,0x04,0x04,0x84,0x6F,0x04,0x04,0x04,0xE4,0x04,0x8F,0x44,0x24,0x04,0x04,0x00,
 0x04,0x02,0x01,0xFF,0x00,0x10,0x08,0x04,0x3F,0x41,0x40,0x40,0x40,0x40,0x78,0x00},

// "带" (索引318)
{0x00,0xC4,0x44,0x44,0x5F,0x44,0x44,0xDF,0x44,0x44,0x5F,0x44,0x44,0x44,0xC0,0x00,
 0x01,0x00,0x00,0x3E,0x02,0x02,0x02,0xFF,0x02,0x12,0x22,0x1E,0x00,0x01,0x00,0x00},

// "安" (索引319)
{0x80,0x90,0x8C,0x84,0x84,0x84,0xF5,0x86,0x84,0x84,0x84,0x84,0x94,0x8C,0x80,0x00,
 0x00,0x80,0x80,0x84,0x46,0x49,0x28,0x10,0x10,0x2C,0x23,0x40,0x80,0x00,0x00,0x00},

// "场" (索引320)
{0x20,0x20,0xFF,0x20,0x20,0x00,0x42,0xE2,0x52,0x4A,0xC6,0x42,0x40,0xC0,0x00,0x00,
 0x10,0x30,0x1F,0x08,0x28,0x10,0x8C,0x43,0x20,0x18,0x47,0x80,0x40,0x3F,0x00,0x00},

// "身" (索引321)
{0x00,0x00,0x00,0xFC,0x54,0x56,0x55,0x54,0x54,0x54,0x54,0xFC,0x00,0x80,0x40,0x00,
 0x40,0x42,0x42,0x23,0x22,0x22,0x12,0x12,0x0A,0x46,0x82,0x7F,0x01,0x00,0x00,0x00},

// "车" (索引322)
{0x00,0x08,0x88,0x48,0x28,0x18,0x0F,0xE8,0x08,0x08,0x08,0x08,0x08,0x08,0x00,0x00,
 0x08,0x08,0x09,0x09,0x09,0x09,0x09,0xFF,0x09,0x09,0x09,0x09,0x09,0x08,0x08,0x00},

// "例" (索引323)
{0x80,0x60,0xF8,0x07,0x00,0x84,0x7C,0x24,0x24,0xE4,0x00,0xF8,0x00,0xFF,0x00,0x00,
 0x00,0x00,0xFF,0x00,0x84,0x43,0x21,0x12,0x0C,0x03,0x00,0x4F,0x80,0x7F,0x00,0x00},

// "真" (索引324)
{0x00,0x04,0x04,0xF4,0x54,0x54,0x54,0x5F,0x54,0x54,0x54,0xF4,0x04,0x04,0x00,0x00,
 0x10,0x10,0x90,0x5F,0x35,0x15,0x15,0x15,0x15,0x15,0x35,0x5F,0x90,0x10,0x10,0x00},

// "务" (索引325)
{0x00,0x00,0x90,0x88,0x4C,0x57,0xA4,0x24,0x54,0x54,0x8C,0x84,0x00,0x00,0x00,0x00,
 0x01,0x01,0x80,0x42,0x22,0x1A,0x07,0x02,0x42,0x82,0x42,0x3E,0x01,0x01,0x01,0x00},

// "具" (索引326)
{0x00,0x00,0x00,0xFF,0xA9,0xA9,0xA9,0xA9,0xA9,0xA9,0xA9,0xFF,0x00,0x00,0x00,0x00,
 0x04,0x04,0x44,0x27,0x14,0x0C,0x04,0x04,0x04,0x0C,0x14,0x27,0x44,0x04,0x04,0x00},

// "万" (索引327)
{0x02,0x02,0x02,0x02,0x02,0xFE,0x22,0x22,0x22,0x22,0x22,0xE2,0x02,0x02,0x02,0x00,
 0x40,0x20,0x10,0x0C,0x03,0x00,0x00,0x00,0x20,0x40,0x20,0x1F,0x00,0x00,0x00,0x00},

// "每" (索引328)
{0x20,0x10,0x0C,0xF3,0x12,0x12,0x52,0x92,0x12,0x12,0x12,0xF2,0x02,0x02,0x00,0x00,
 0x01,0x01,0x1F,0x11,0x11,0x11,0x15,0x19,0x51,0x91,0x51,0x3F,0x11,0x11,0x01,0x00},

// "目" (索引329)
{0x00,0x00,0xFF,0x11,0x11,0x11,0x11,0x11,0x11,0x11,0x11,0x11,0xFF,0x00,0x00,0x00,
 0x00,0x00,0x7F,0x21,0x21,0x21,0x21,0x21,0x21,0x21,0x21,0x21,0x7F,0x00,0x00,0x00},

// "至" (索引330)
{0x00,0x02,0x42,0x62,0x52,0x4A,0x46,0x42,0x42,0x42,0x52,0x62,0xC2,0x02,0x00,0x00,
 0x40,0x40,0x44,0x44,0x44,0x44,0x44,0x7F,0x44,0x44,0x44,0x44,0x44,0x40,0x40,0x00},

// "达" (索引331)
{0x40,0x40,0x42,0xCC,0x00,0x10,0x10,0x10,0x90,0x7F,0x90,0x10,0x10,0x10,0x10,0x00,
 0x00,0x40,0x20,0x1F,0x20,0x48,0x44,0x42,0x41,0x40,0x40,0x41,0x42,0x4C,0x40,0x00},

// "走" (索引332)
{0x40,0x40,0x48,0x48,0x48,0x48,0x48,0xFF,0x48,0x48,0x48,0x48,0x48,0x40,0x40,0x00,
 0x80,0x40,0x20,0x1E,0x20,0x40,0x40,0x7F,0x44,0x44,0x44,0x44,0x44,0x40,0x40,0x00},

// "积" (索引333)
{0x20,0x24,0x24,0xA4,0xFE,0x23,0x22,0x20,0xFC,0x04,0x04,0x04,0x04,0xFC,0x00,0x00,
 0x10,0x08,0x06,0x01,0xFF,0x01,0x06,0x80,0x63,0x19,0x01,0x01,0x09,0x33,0xC0,0x00},

// "示" (索引334)
{0x20,0x20,0x21,0x21,0x21,0x21,0x21,0xE1,0x21,0x21,0x21,0x21,0x21,0x20,0x20,0x00,
 0x10,0x08,0x04,0x03,0x00,0x20,0x40,0x3F,0x00,0x00,0x00,0x01,0x02,0x04,0x18,0x00},

// "议" (索引335)
{0x40,0x40,0x42,0xCC,0x00,0x00,0x1C,0xE0,0x01,0x06,0x00,0xE0,0x1E,0x00,0x00,0x00,
 0x00,0x00,0x00,0x3F,0x90,0x88,0x40,0x20,0x13,0x0C,0x13,0x20,0x40,0x80,0x80,0x00},

// "声" (索引336)
{0x04,0x14,0xD4,0x54,0x54,0x54,0x54,0xDF,0x54,0x54,0x54,0x54,0xD4,0x14,0x04,0x00,
 0x80,0x60,0x1F,0x02,0x02,0x02,0x02,0x03,0x02,0x02,0x02,0x02,0x03,0x00,0x00,0x00},

// "报" (索引337)
{0x10,0x10,0x10,0xFF,0x10,0x90,0x00,0xFE,0x82,0x82,0x82,0x92,0xA2,0x9E,0x00,0x00,
 0x04,0x44,0x82,0x7F,0x01,0x00,0x00,0xFF,0x80,0x43,0x2C,0x10,0x2C,0x43,0x80,0x00},

// "斗" (索引338)
{0x00,0x00,0x00,0x10,0x60,0x02,0x0C,0x00,0x00,0xFF,0x00,0x00,0x00,0x00,0x00,0x00,
 0x00,0x02,0x02,0x02,0x02,0x02,0x02,0x02,0x01,0xFF,0x01,0x01,0x01,0x01,0x01,0x00},

// "完" (索引339)
{0x10,0x0C,0x04,0x24,0x24,0x24,0x25,0x26,0x24,0x24,0x24,0x24,0x04,0x14,0x0C,0x00,
 0x00,0x81,0x81,0x41,0x31,0x0F,0x01,0x01,0x01,0x7F,0x81,0x81,0x81,0xF1,0x00,0x00},

// "类" (索引340)
{0x00,0x10,0x10,0x92,0x54,0x30,0x10,0xFF,0x10,0x30,0x54,0x92,0x10,0x10,0x00,0x00,
 0x84,0x85,0x45,0x44,0x24,0x14,0x0C,0x06,0x0C,0x14,0x24,0x44,0x45,0x84,0x84,0x00},

// "八" (索引341)
{0x00,0x00,0x00,0x00,0x80,0x7E,0x00,0x00,0x00,0x3F,0xC0,0x00,0x00,0x00,0x00,0x00,
 0x00,0x40,0x30,0x0C,0x03,0x00,0x00,0x00,0x00,0x00,0x01,0x06,0x18,0x20,0x40,0x00},

// "离" (索引342)
{0x04,0x04,0x04,0xF4,0x84,0xD4,0xA5,0xA6,0xA4,0xD4,0x84,0xF4,0x04,0x04,0x04,0x00,
 0x00,0xFE,0x02,0x02,0x12,0x3A,0x16,0x13,0x12,0x1A,0x32,0x42,0x82,0x7E,0x00,0x00},

// "华" (索引343)
{0x20,0x10,0x08,0xFC,0x03,0x20,0x20,0x10,0x7F,0x88,0x88,0x84,0x82,0xE0,0x00,0x00,
 0x04,0x04,0x04,0x05,0x04,0x04,0x04,0xFF,0x04,0x04,0x04,0x04,0x04,0x04,0x04,0x00},

// "名" (索引344)
{0x00,0x20,0x20,0x10,0x08,0x14,0x67,0x84,0x44,0x24,0x14,0x0C,0x00,0x00,0x00,0x00,
 0x04,0x04,0x04,0x02,0xFE,0x43,0x43,0x42,0x42,0x42,0x42,0x42,0xFE,0x00,0x00,0x00},

// "确" (索引345)
{0x04,0x84,0xE4,0x5C,0x44,0xC4,0x20,0x10,0xE8,0x27,0x24,0xE4,0x34,0x2C,0xE0,0x00,
 0x02,0x01,0x7F,0x10,0x10,0x3F,0x80,0x60,0x1F,0x09,0x09,0x3F,0x49,0x89,0x7F,0x00},

// "才" (索引346)
{0x10,0x10,0x10,0x10,0x10,0x10,0xD0,0x30,0xFF,0x10,0x10,0x10,0x10,0x10,0x10,0x00,
 0x00,0x20,0x10,0x08,0x04,0x03,0x40,0x80,0x7F,0x00,0x00,0x00,0x00,0x00,0x00,0x00},

// "科" (索引347)
{0x24,0x24,0xA4,0xFE,0xA3,0x22,0x00,0x22,0xCC,0x00,0x00,0xFF,0x00,0x00,0x00,0x00,
 0x08,0x06,0x01,0xFF,0x00,0x01,0x04,0x04,0x04,0x04,0x04,0xFF,0x02,0x02,0x02,0x00},

// "张" (索引348)
{0x02,0xE2,0x22,0x22,0x3E,0x80,0x80,0xFF,0x80,0xA0,0x90,0x88,0x86,0x80,0x80,0x00,
 0x00,0x43,0x82,0x42,0x3E,0x00,0x00,0xFF,0x40,0x21,0x06,0x08,0x10,0x20,0x40,0x00},

// "信" (索引349)
{0x00,0x80,0x60,0xF8,0x07,0x00,0x04,0x24,0x24,0x25,0x26,0x24,0x24,0x24,0x04,0x00,
 0x01,0x00,0x00,0xFF,0x00,0x00,0x00,0xF9,0x49,0x49,0x49,0x49,0x49,0xF9,0x00,0x00},

// "马" (索引350)
{0x00,0x01,0x01,0x79,0x41,0x41,0x41,0x41,0x41,0x41,0x7F,0x40,0x40,0xC0,0x00,0x00,
 0x04,0x04,0x04,0x04,0x04,0x04,0x04,0x04,0x04,0x04,0x24,0x40,0x20,0x1F,0x00,0x00},

// "节" (索引351)
{0x04,0x44,0x44,0x44,0x5F,0x44,0xC4,0x44,0x44,0x44,0x5F,0x44,0xC4,0x04,0x04,0x00,
 0x00,0x00,0x00,0x00,0x00,0x00,0xFF,0x00,0x00,0x08,0x10,0x08,0x07,0x00,0x00,0x00},

// "话" (索引352)
{0x40,0x40,0x42,0xCC,0x00,0x00,0x20,0x24,0x24,0x24,0xFE,0x22,0x23,0x22,0x20,0x00,
 0x00,0x00,0x00,0x7F,0x20,0x10,0x00,0xFE,0x42,0x42,0x43,0x42,0x42,0xFE,0x00,0x00},

// "米" (索引353)
{0x00,0x40,0x42,0x44,0x58,0x40,0xC0,0xFF,0xC0,0x40,0x50,0x48,0x46,0x40,0x00,0x00,
 0x20,0x20,0x10,0x08,0x04,0x03,0x00,0xFF,0x00,0x03,0x04,0x08,0x10,0x20,0x20,0x00},

// "整" (索引354)
{0x04,0x74,0xD4,0x54,0xFF,0x54,0xD4,0x74,0x14,0x08,0x77,0x84,0x44,0x3C,0x04,0x00,
 0x82,0x89,0x88,0xE8,0x8B,0x88,0x88,0xF9,0xA8,0xAA,0xA9,0xA8,0xA9,0x8A,0x82,0x00},

// "空" (索引355)
{0x10,0x0C,0x44,0x24,0x14,0x04,0x05,0x06,0x04,0x04,0x14,0x24,0x44,0x14,0x0C,0x00,
 0x00,0x40,0x40,0x41,0x41,0x41,0x41,0x7F,0x41,0x41,0x41,0x41,0x40,0x40,0x00,0x00},

// "元" (索引356)
{0x10,0x10,0x11,0x11,0x11,0xF1,0x11,0x11,0x11,0xF1,0x11,0x11,0x11,0x10,0x10,0x00,
 0x40,0x20,0x10,0x08,0x06,0x01,0x00,0x00,0x00,0x1F,0x20,0x20,0x20,0x20,0x3C,0x00},

// "况" (索引357)
{0x00,0x01,0x86,0x60,0x00,0x3F,0x21,0xE1,0x21,0x21,0xE1,0x21,0x3F,0x00,0x00,0x00,
 0x01,0x01,0x3F,0x40,0x20,0x10,0x0C,0x03,0x00,0x00,0x1F,0x20,0x20,0x20,0x38,0x00},

// "今" (索引358)
{0x80,0x80,0x40,0x20,0x10,0x08,0x24,0xC3,0x04,0x08,0x10,0x20,0x40,0x80,0x80,0x00,
 0x00,0x00,0x00,0x02,0x02,0x02,0x02,0x82,0x42,0x22,0x1A,0x06,0x00,0x00,0x00,0x00},

// "集" (索引359)
{0x20,0x10,0x08,0xFC,0x57,0x54,0x54,0x55,0xFE,0x54,0x54,0x54,0x54,0x04,0x00,0x00,
 0x44,0x44,0x24,0x27,0x15,0x0D,0x05,0xFF,0x05,0x0D,0x15,0x25,0x25,0x45,0x44,0x00},

// "温" (索引360)
{0x10,0x60,0x02,0x8C,0x00,0x00,0xFE,0x92,0x92,0x92,0x92,0x92,0xFE,0x00,0x00,0x00,
 0x04,0x04,0x7E,0x01,0x40,0x7E,0x42,0x42,0x7E,0x42,0x7E,0x42,0x42,0x7E,0x40,0x00},

// "传" (索引361)
{0x00,0x80,0x60,0xF8,0x07,0x40,0x48,0x48,0xE8,0x5F,0x48,0x48,0x48,0x40,0x40,0x00,
 0x01,0x00,0x00,0xFF,0x00,0x00,0x02,0x0B,0x12,0x22,0xD2,0x0A,0x06,0x00,0x00,0x00},

// "土" (索引362)
{0x00,0x00,0x40,0x40,0x40,0x40,0x40,0xFF,0x40,0x40,0x40,0x40,0x40,0x00,0x00,0x00,
 0x40,0x40,0x40,0x40,0x40,0x40,0x40,0x7F,0x40,0x40,0x40,0x40,0x40,0x40,0x40,0x00},

// "许" (索引363)
{0x40,0x40,0x42,0xCC,0x00,0x00,0x20,0x18,0x0F,0x08,0xF8,0x08,0x08,0x08,0x00,0x00,
 0x00,0x00,0x00,0x7F,0x20,0x10,0x01,0x01,0x01,0x01,0xFF,0x01,0x01,0x01,0x01,0x00},

// "步" (索引364)
{0x40,0x40,0x40,0x7C,0x40,0x40,0x40,0xFF,0x44,0x44,0x44,0x44,0x44,0x40,0x40,0x00,
 0x80,0x90,0x88,0x46,0x40,0x40,0x20,0x2F,0x10,0x10,0x08,0x04,0x02,0x00,0x00,0x00},

// "群" (索引365)
{0x10,0x92,0x92,0xFE,0x92,0x92,0xFE,0x10,0x09,0x8A,0x8C,0xF8,0x8C,0x8A,0x09,0x00,
 0x10,0x0C,0xFF,0x44,0x44,0x44,0xFC,0x00,0x08,0x08,0x08,0xFF,0x08,0x08,0x08,0x00},

// "广" (索引366)
{0x00,0x00,0xF8,0x08,0x08,0x08,0x08,0x09,0x0E,0x08,0x08,0x08,0x08,0x08,0x00,0x00,
 0x80,0x60,0x1F,0x00,0x00,0x00,0x00,0x00,0x00,0x00,0x00,0x00,0x00,0x00,0x00,0x00},

// "石" (索引367)
{0x01,0x01,0x01,0x81,0xE1,0x59,0x47,0x41,0x41,0x41,0x41,0x41,0xC1,0x01,0x01,0x00,
 0x04,0x02,0x01,0x00,0x7F,0x20,0x20,0x20,0x20,0x20,0x20,0x20,0x7F,0x00,0x00,0x00},

// "记" (索引368)
{0x40,0x40,0x42,0xCC,0x00,0x00,0x00,0x84,0x84,0x84,0x84,0x84,0xFC,0x00,0x00,0x00,
 0x00,0x00,0x00,0x7F,0x20,0x10,0x00,0x3F,0x40,0x40,0x40,0x40,0x41,0x40,0x70,0x00},

// "需" (索引369)
{0x10,0x0C,0x05,0x55,0x55,0x55,0x05,0x7F,0x05,0x55,0x55,0x55,0x05,0x14,0x0C,0x00,
 0x01,0x01,0x7D,0x05,0x05,0x3D,0x07,0x05,0x3D,0x05,0x25,0x45,0x3D,0x01,0x01,0x00},

// "段" (索引370)
{0x00,0x00,0xFE,0x22,0x22,0x21,0x01,0x40,0x3E,0x02,0x02,0x02,0x1E,0x20,0x20,0x00,
 0x10,0x10,0xFF,0x11,0x09,0x09,0x80,0x81,0x47,0x29,0x11,0x29,0x45,0x83,0x80,0x00},

// "研" (索引371)
{0x02,0xC2,0xF2,0x2E,0x22,0xE2,0x40,0x41,0xFF,0x41,0x41,0x41,0xFF,0x41,0x40,0x00,
 0x01,0x00,0x3F,0x08,0x08,0x1F,0x40,0x30,0x0F,0x00,0x00,0x00,0x7F,0x00,0x00,0x00},

// "界" (索引372)
{0x00,0x00,0x00,0x7F,0x49,0x49,0xC9,0x7F,0xC9,0x49,0x49,0x7F,0x00,0x00,0x00,0x00,
 0x04,0x04,0x02,0x42,0x31,0x0F,0x00,0x00,0x00,0x7F,0x01,0x02,0x02,0x04,0x04,0x00},

// "拉" (索引373)
{0x10,0x10,0x10,0xFF,0x90,0x40,0x10,0x90,0x10,0x11,0x16,0x10,0x10,0xD0,0x10,0x00,
 0x02,0x42,0x81,0x7F,0x00,0x40,0x40,0x41,0x5E,0x40,0x40,0x70,0x4E,0x41,0x40,0x00},

// "林" (索引374)
{0x10,0x10,0xD0,0xFF,0x90,0x10,0x00,0x10,0x10,0xD0,0xFF,0xD0,0x10,0x10,0x10,0x00,
 0x04,0x03,0x00,0xFF,0x00,0x11,0x08,0x04,0x03,0x00,0xFF,0x00,0x03,0x04,0x08,0x00},

// "律" (索引375)
{0x00,0x10,0x88,0xC4,0x33,0x10,0x54,0x54,0x54,0xFF,0x54,0x54,0x7C,0x10,0x10,0x00,
 0x02,0x01,0x00,0xFF,0x00,0x10,0x12,0x12,0x12,0xFF,0x12,0x12,0x12,0x10,0x00,0x00},

// "叫" (索引376)
{0x00,0xFC,0x04,0x04,0x04,0xFC,0x00,0x00,0xFC,0x00,0x00,0x00,0x00,0xFF,0x00,0x00,
 0x00,0x0F,0x04,0x04,0x04,0x0F,0x00,0x00,0x0F,0x04,0x02,0x02,0x01,0xFF,0x00,0x00},

// "且" (索引377)
{0x00,0x00,0x00,0xFE,0x22,0x22,0x22,0x22,0x22,0x22,0x22,0xFE,0x00,0x00,0x00,0x00,
 0x40,0x40,0x40,0x7F,0x42,0x42,0x42,0x42,0x42,0x42,0x42,0x7F,0x40,0x40,0x40,0x00},

// "究" (索引378)
{0x10,0x0C,0x44,0x24,0x14,0x04,0xE5,0x06,0x04,0x04,0x14,0x24,0x44,0x14,0x0C,0x00,
 0x00,0x80,0x41,0x21,0x11,0x0D,0x03,0x01,0x01,0x01,0x3F,0x40,0x40,0x40,0x70,0x00},

// "观" (索引379)
{0x04,0x24,0x44,0x84,0x64,0x1C,0x00,0xFF,0x01,0x01,0xF9,0x01,0x01,0xFF,0x00,0x00,
 0x10,0x08,0x06,0x01,0x02,0x4C,0x20,0x11,0x0C,0x03,0x00,0x3F,0x40,0x41,0x70,0x00},

// "越" (索引380)
{0x40,0x48,0x48,0xFF,0x48,0x48,0x00,0xF8,0x08,0x08,0xFF,0x08,0x89,0x6A,0x00,0x00,
 0x80,0x7E,0x10,0x3F,0x44,0x44,0x40,0x4F,0x44,0x50,0x49,0x46,0x49,0x5C,0x40,0x00},

// "织" (索引381)
{0x20,0x30,0xAC,0x63,0x20,0x18,0x00,0xFC,0x04,0x04,0x04,0x04,0x04,0xFC,0x00,0x00,
 0x22,0x67,0x22,0x12,0x12,0x92,0x40,0x23,0x19,0x01,0x01,0x09,0x11,0x23,0xC0,0x00},

// "装" (索引382)
{0x40,0x42,0x24,0x10,0xFF,0x00,0x84,0x44,0x44,0x44,0x7F,0x44,0x44,0x44,0x04,0x00,
 0x22,0x22,0x12,0x12,0x0A,0xFE,0x42,0x27,0x0A,0x12,0x22,0x32,0x4A,0x42,0x42,0x00},

// "影" (索引383)
{0x40,0x5F,0x55,0x55,0x75,0x55,0x55,0x5F,0x40,0x40,0x10,0x08,0x84,0x43,0x30,0x00,
 0x20,0x17,0x05,0x45,0x7D,0x05,0x05,0x17,0x20,0x40,0x42,0x21,0x10,0x08,0x06,0x00},

// "算" (索引384)
{0x08,0x04,0xF3,0x52,0x56,0x52,0x52,0x50,0x54,0x53,0x52,0x56,0xF2,0x02,0x02,0x00,
 0x10,0x10,0x97,0x55,0x3D,0x15,0x15,0x15,0x15,0x15,0xFD,0x15,0x17,0x10,0x10,0x00},

// "低" (索引385)
{0x00,0x80,0x60,0xF8,0x07,0x00,0xFC,0x84,0x84,0x84,0xFE,0x82,0x83,0x82,0x80,0x00,
 0x01,0x00,0x00,0xFF,0x00,0x00,0xFF,0x40,0x20,0x00,0x41,0x8E,0x30,0x40,0xF8,0x00},

// "持" (索引386)
{0x10,0x10,0x10,0xFF,0x10,0x10,0x40,0x48,0x48,0x48,0x7F,0x48,0xC8,0x48,0x40,0x00,
 0x04,0x44,0x82,0x7F,0x01,0x00,0x02,0x02,0x0A,0x12,0x42,0x82,0x7F,0x02,0x02,0x00},

// "音" (索引387)
{0x40,0x40,0x44,0x44,0x54,0x64,0x45,0x46,0x44,0x64,0x54,0x44,0x44,0x40,0x40,0x00,
 0x00,0x00,0x00,0xFF,0x49,0x49,0x49,0x49,0x49,0x49,0x49,0xFF,0x00,0x00,0x00,0x00},

// "众" (索引388)
{0x80,0x80,0x40,0x20,0xD0,0x08,0x04,0x03,0x04,0x08,0xD0,0x20,0x40,0x80,0x80,0x00,
 0x80,0x40,0x20,0x18,0x07,0x08,0xB0,0x40,0x20,0x18,0x07,0x18,0x20,0x40,0x80,0x00},

// "书" (索引389)
{0x00,0x00,0x08,0x08,0x08,0x08,0xFF,0x08,0x08,0x08,0xF9,0x02,0x04,0x00,0x00,0x00,
 0x01,0x01,0x01,0x01,0x01,0x01,0xFF,0x01,0x01,0x01,0x21,0x41,0x21,0x1F,0x00,0x00},

// "布" (索引390)
{0x08,0x08,0x88,0xC8,0xA8,0x98,0x8F,0xE8,0x88,0x88,0x88,0x88,0x88,0x08,0x08,0x00,
 0x02,0x01,0x00,0x3F,0x00,0x00,0x00,0xFF,0x00,0x00,0x10,0x20,0x1F,0x00,0x00,0x00},

// "复" (索引391)
{0x20,0x10,0x08,0xF7,0x54,0x54,0x54,0x54,0x54,0x54,0x54,0xF4,0x04,0x04,0x00,0x00,
 0x80,0x90,0x90,0x49,0x4D,0x57,0x25,0x25,0x25,0x55,0x4D,0x45,0x80,0x80,0x80,0x00},

// "容" (索引392)
{0x10,0x0C,0x44,0x24,0x14,0x84,0x45,0x26,0x44,0x84,0x14,0x24,0x44,0x14,0x0C,0x00,
 0x04,0x04,0x02,0xFE,0x45,0x44,0x44,0x44,0x44,0x44,0x45,0xFE,0x02,0x04,0x04,0x00},

// "儿" (索引393)
{0x00,0x00,0x00,0x00,0xFF,0x00,0x00,0x00,0x00,0xFF,0x00,0x00,0x00,0x00,0x00,0x00,
 0x80,0x40,0x20,0x18,0x07,0x00,0x00,0x00,0x00,0x3F,0x40,0x40,0x40,0x40,0x78,0x00},

// "须" (索引394)
{0x20,0x10,0x08,0x84,0x63,0x00,0x00,0xF2,0x12,0x1A,0xD6,0x12,0x12,0xF2,0x02,0x00,
 0x84,0x42,0x21,0x10,0x08,0x06,0x80,0x4F,0x20,0x18,0x07,0x10,0x20,0x4F,0x80,0x00},

// "际" (索引395)
{0x00,0xFF,0x11,0x2D,0xC3,0x00,0x10,0x91,0x11,0x11,0xF1,0x11,0x91,0x11,0x10,0x00,
 0x00,0x7F,0x02,0x04,0x03,0x08,0x06,0x01,0x20,0x40,0x3F,0x00,0x00,0x03,0x0C,0x00},

// "商" (索引396)
{0x00,0x04,0xE4,0x24,0x2C,0xB4,0x25,0x26,0x24,0xB4,0x2C,0x24,0xE4,0x04,0x00,0x00,
 0x00,0x00,0xFF,0x02,0x01,0x1E,0x12,0x12,0x12,0x1E,0x41,0x82,0x7F,0x00,0x00,0x00},

// "非" (索引397)
{0x08,0x88,0x88,0x88,0x88,0xFF,0x00,0x00,0x00,0xFF,0x88,0x88,0x88,0x88,0x08,0x00,
 0x10,0x10,0x10,0x10,0x10,0xFF,0x00,0x00,0x00,0xFF,0x10,0x10,0x10,0x10,0x10,0x00},

// "验" (索引398)
{0x02,0xFA,0x82,0x82,0xFE,0x80,0x40,0x20,0x50,0x4C,0x43,0x4C,0x50,0x20,0x40,0x00,
 0x08,0x18,0x48,0x84,0x44,0x3F,0x40,0x44,0x58,0x41,0x4E,0x60,0x58,0x47,0x40,0x00},

// "连" (索引399)
{0x40,0x40,0x42,0xCC,0x00,0x04,0x44,0x64,0x5C,0x47,0xF4,0x44,0x44,0x44,0x04,0x00,
 0x00,0x40,0x20,0x1F,0x20,0x44,0x44,0x44,0x44,0x44,0x7F,0x44,0x44,0x44,0x44,0x00},

// "断" (索引400)
{0x00,0xFC,0x20,0x24,0xA8,0xFF,0xA8,0x24,0x00,0xFC,0x44,0x44,0xC4,0x42,0x40,0x00,
 0x00,0x3F,0x22,0x21,0x20,0x2F,0x20,0xA3,0x60,0x1F,0x00,0x00,0xFF,0x00,0x00,0x00},

// "深" (索引401)
{0x08,0x30,0x01,0xC6,0x00,0x87,0x91,0x89,0x85,0xE1,0x85,0x89,0x91,0x87,0x00,0x00,
 0x02,0x02,0x3F,0x00,0x10,0x10,0x08,0x04,0x02,0x7F,0x02,0x04,0x08,0x10,0x10,0x00},

// "难" (索引402)
{0x04,0x24,0xC4,0x04,0xE4,0x5C,0x20,0xF8,0x4F,0x48,0x49,0xFA,0x48,0x48,0x08,0x00,
 0x20,0x10,0x0C,0x03,0x04,0x18,0x00,0xFF,0x22,0x22,0x22,0x3F,0x22,0x22,0x20,0x00},

// "近" (索引403)
{0x40,0x40,0x42,0xCC,0x00,0x00,0x00,0xFC,0x24,0x24,0x24,0xE2,0x23,0x22,0x20,0x00,
 0x00,0x40,0x20,0x1F,0x20,0x50,0x4C,0x43,0x40,0x40,0x40,0x5F,0x40,0x40,0x40,0x00},

// "矿" (索引404)
{0x04,0x84,0xE4,0x5C,0x44,0xC4,0x00,0x00,0xF8,0x08,0x09,0x0E,0x08,0x08,0x08,0x00,
 0x02,0x01,0x7F,0x10,0x10,0x3F,0x80,0x60,0x1F,0x00,0x00,0x00,0x00,0x00,0x00,0x00},

// "千" (索引405)
{0x80,0x80,0x84,0x84,0x84,0x84,0x84,0xFC,0x82,0x82,0x82,0x83,0x82,0x80,0x80,0x00,
 0x00,0x00,0x00,0x00,0x00,0x00,0x00,0xFF,0x00,0x00,0x00,0x00,0x00,0x00,0x00,0x00},

// "周" (索引406)
{0x00,0x00,0xFF,0x41,0x49,0x49,0x49,0x7F,0x49,0x49,0x49,0x41,0xFF,0x00,0x00,0x00,
 0x40,0x30,0x0F,0x00,0x00,0x0F,0x09,0x09,0x09,0x0F,0x20,0x40,0x3F,0x00,0x00,0x00},

// "委" (索引407)
{0x10,0x10,0x90,0x92,0x52,0x32,0x12,0xFE,0x12,0x31,0x51,0x91,0x90,0x10,0x10,0x00,
 0x05,0x85,0x84,0x94,0x5C,0x54,0x27,0x24,0x24,0x54,0x4C,0x44,0x84,0x05,0x05,0x00},

// "素" (索引408)
{0x20,0x20,0x22,0x2A,0x2A,0xAA,0x6A,0x3F,0x2A,0x2A,0xAA,0x2A,0x22,0x20,0x20,0x00,
 0x00,0x80,0x48,0x29,0x09,0x4D,0x8D,0x7B,0x0B,0x09,0x28,0x4C,0x98,0x00,0x00,0x00},

// "技" (索引409)
{0x10,0x10,0x10,0xFF,0x10,0x90,0x08,0x88,0x88,0x88,0xFF,0x88,0x88,0x88,0x08,0x00,
 0x04,0x44,0x82,0x7F,0x01,0x80,0x80,0x40,0x43,0x2C,0x10,0x28,0x46,0x81,0x80,0x00},

// "备" (索引410)
{0x80,0x90,0x90,0x48,0x4C,0x57,0x24,0x24,0x24,0x54,0x4C,0x44,0x80,0x80,0x80,0x00,
 0x00,0x00,0x00,0xFF,0x49,0x49,0x49,0x7F,0x49,0x49,0x49,0xFF,0x00,0x00,0x00,0x00},

// "半" (索引411)
{0x00,0x00,0x42,0x44,0x58,0x40,0x40,0xFF,0x40,0x40,0x50,0x48,0x46,0x00,0x00,0x00,
 0x04,0x04,0x04,0x04,0x04,0x04,0x04,0xFF,0x04,0x04,0x04,0x04,0x04,0x04,0x04,0x00},

// "办" (索引412)
{0x00,0x10,0x10,0x90,0x10,0x10,0xFF,0x10,0x10,0x10,0x10,0xF0,0x80,0x00,0x00,0x00,
 0x00,0x84,0x42,0x21,0x18,0x06,0x01,0x00,0x40,0x80,0x40,0x3F,0x00,0x01,0x06,0x00},

// "青" (索引413)
{0x40,0x44,0x54,0x54,0x54,0x54,0x54,0x7F,0x54,0x54,0x54,0x54,0x54,0x44,0x40,0x00,
 0x00,0x00,0x00,0xFF,0x15,0x15,0x15,0x15,0x15,0x55,0x95,0x7F,0x00,0x00,0x00,0x00},

// "省" (索引414)
{0x00,0x10,0x88,0x86,0xC0,0xC0,0xA0,0xAF,0x90,0x90,0x88,0x82,0x84,0x08,0x00,0x00,
 0x01,0x01,0x00,0xFF,0x4A,0x4A,0x4A,0x4A,0x4A,0x4A,0x4A,0x4A,0xFF,0x00,0x00,0x00},

// "列" (索引415)
{0x00,0x02,0xC2,0x32,0x1E,0x12,0x12,0xF2,0x02,0x00,0xF8,0x00,0x00,0xFF,0x00,0x00,
 0x02,0x81,0x40,0x21,0x12,0x0C,0x03,0x00,0x00,0x00,0x0F,0x40,0x80,0x7F,0x00,0x00},

// "习" (索引416)
{0x00,0x01,0x01,0x01,0x09,0x11,0x61,0x01,0x01,0x81,0x81,0x01,0xFF,0x00,0x00,0x00,
 0x00,0x04,0x0C,0x04,0x02,0x02,0x02,0x01,0x01,0x20,0x40,0x20,0x1F,0x00,0x00,0x00},

// "响" (索引417)
{0x00,0xFC,0x04,0x04,0xFC,0x00,0xF8,0x08,0xCC,0x4B,0x48,0xC8,0x08,0xF8,0x00,0x00,
 0x00,0x0F,0x04,0x04,0x0F,0x00,0xFF,0x00,0x0F,0x08,0x08,0x4F,0x80,0x7F,0x00,0x00},

// "约" (索引418)
{0x20,0x30,0xAC,0x63,0x20,0x18,0x20,0x90,0x0C,0x0B,0x08,0x08,0x08,0xF8,0x00,0x00,
 0x22,0x67,0x22,0x12,0x12,0x12,0x00,0x00,0x01,0x06,0x40,0x80,0x40,0x3F,0x00,0x00},

// "支" (索引419)
{0x00,0x08,0x88,0x88,0x88,0x88,0x88,0xFF,0x88,0x88,0x88,0x88,0x08,0x08,0x00,0x00,
 0x80,0x80,0x80,0x41,0x42,0x24,0x28,0x10,0x28,0x24,0x42,0x41,0x80,0x80,0x80,0x00},

// "般" (索引420)
{0x80,0x80,0xFC,0x96,0xE5,0x84,0xFC,0x00,0xA0,0x9E,0x82,0x82,0x9E,0xA0,0x20,0x00,
 0x80,0x60,0x1F,0x02,0x4C,0x80,0x7F,0x80,0x80,0x43,0x2C,0x10,0x2C,0x43,0x80,0x00},

// "史" (索引421)
{0x00,0x00,0xF8,0x88,0x88,0x88,0x88,0xFF,0x88,0x88,0x88,0x88,0xF8,0x00,0x00,0x00,
 0x80,0x80,0x81,0x44,0x48,0x30,0x10,0x2F,0x20,0x40,0x40,0x40,0x81,0x80,0x80,0x00},

// "感" (索引422)
{0x00,0x00,0xFC,0x04,0xD4,0x54,0x54,0x54,0xD4,0x04,0x7F,0x84,0xC5,0x36,0x04,0x00,
 0x88,0x66,0x01,0x00,0x63,0x82,0x82,0x92,0xAB,0x84,0x82,0xC1,0x02,0x24,0xCF,0x00},

// "劳" (索引423)
{0x84,0x64,0x24,0x24,0x2F,0x24,0xE4,0x24,0x24,0x24,0x2F,0x24,0x24,0xA4,0x64,0x00,
 0x00,0x00,0x81,0x41,0x21,0x19,0x07,0x01,0x41,0x81,0x41,0x3F,0x00,0x00,0x00,0x00},

// "便" (索引424)
{0x80,0x60,0xF8,0x07,0x00,0xFA,0x4A,0x4A,0x4A,0xFE,0x4A,0x4A,0x4A,0xFA,0x02,0x00,
 0x00,0x00,0xFF,0x00,0x80,0x83,0x46,0x2A,0x12,0x2F,0x42,0x42,0x82,0x83,0x80,0x00},

// "团" (索引425)
{0x00,0xFF,0x01,0x11,0x11,0x11,0x91,0x51,0xFD,0x11,0x11,0x11,0x01,0xFF,0x00,0x00,
 0x00,0x7F,0x20,0x24,0x22,0x21,0x28,0x30,0x2F,0x20,0x20,0x20,0x20,0x7F,0x00,0x00},

// "往" (索引426)
{0x00,0x10,0x88,0xC4,0x33,0x08,0x08,0x08,0x09,0xFA,0x08,0x08,0x08,0x08,0x00,0x00,
 0x02,0x01,0x00,0xFF,0x40,0x41,0x41,0x41,0x41,0x7F,0x41,0x41,0x41,0x41,0x40,0x00},

// "酸" (索引427)
{0xF2,0x12,0xFE,0x12,0xFE,0x12,0xF2,0x00,0x90,0x58,0xB4,0x13,0x30,0x58,0x90,0x00,
 0xFF,0x4A,0x49,0x48,0x49,0x49,0xFF,0x00,0x88,0x46,0x29,0x11,0x29,0x47,0x80,0x00},

// "历" (索引428)
{0x00,0x00,0xFF,0x01,0x21,0x21,0x21,0x21,0xFD,0x21,0x21,0x21,0x21,0xE1,0x01,0x00,
 0x40,0x30,0x0F,0x40,0x20,0x10,0x0C,0x03,0x00,0x00,0x20,0x40,0x20,0x1F,0x00,0x00},

// "市" (索引429)
{0x00,0x08,0x88,0x88,0x88,0x88,0x89,0xFA,0x88,0x88,0x88,0x88,0x88,0x08,0x00,0x00,
 0x00,0x00,0x3F,0x00,0x00,0x00,0x00,0xFF,0x00,0x00,0x10,0x20,0x1F,0x00,0x00,0x00},

// "克" (索引430)
{0x04,0x04,0xE4,0x24,0x24,0x24,0x24,0x3F,0x24,0x24,0x24,0x24,0xE4,0x04,0x04,0x00,
 0x80,0x80,0x43,0x22,0x12,0x0E,0x02,0x02,0x02,0x7E,0x82,0x82,0x83,0x80,0xE0,0x00},

// "何" (索引431)
{0x00,0x80,0x60,0xF8,0x07,0x04,0xE4,0x24,0x24,0xE4,0x04,0x04,0xFC,0x04,0x04,0x00,
 0x01,0x00,0x00,0xFF,0x00,0x00,0x0F,0x04,0x04,0x0F,0x40,0x80,0x7F,0x00,0x00,0x00},

// "除" (索引432)
{0x00,0xFE,0x22,0x5A,0x86,0x20,0x10,0x28,0x24,0xE3,0x24,0x28,0x10,0x20,0x20,0x00,
 0x00,0xFF,0x04,0x08,0x27,0x11,0x0D,0x41,0x81,0x7F,0x01,0x05,0x09,0x31,0x00,0x00},

// "消" (索引433)
{0x10,0x60,0x02,0x0C,0xC0,0x00,0xE2,0x2C,0x20,0x3F,0x20,0x28,0xE6,0x00,0x00,0x00,
 0x04,0x04,0x7C,0x03,0x00,0x00,0xFF,0x09,0x09,0x09,0x49,0x89,0x7F,0x00,0x00,0x00},

// "构" (索引434)
{0x10,0x10,0xD0,0xFF,0x90,0x10,0x40,0x30,0x0F,0xC8,0x08,0x08,0x08,0xF8,0x00,0x00,
 0x04,0x03,0x00,0xFF,0x00,0x03,0x00,0x0C,0x0B,0x08,0x4A,0x9C,0x40,0x3F,0x00,0x00},

// "府" (索引435)
{0x00,0x00,0xFC,0x04,0x04,0xC4,0x34,0x05,0x86,0x84,0x84,0x84,0xF4,0x84,0x84,0x00,
 0x40,0x30,0x0F,0x02,0x01,0xFF,0x00,0x00,0x02,0x0C,0x40,0x80,0x7F,0x00,0x00,0x00},

// "称" (索引436)
{0x24,0x24,0xA4,0xFE,0x23,0x22,0x40,0x30,0x0F,0x08,0xC8,0x08,0x08,0x28,0x18,0x00,
 0x08,0x06,0x01,0xFF,0x01,0x02,0x10,0x0C,0x43,0x80,0x7F,0x00,0x01,0x06,0x18,0x00},

// "太" (索引437)
{0x20,0x20,0x20,0x20,0x20,0x20,0x20,0xFF,0x20,0x20,0x20,0x20,0x20,0x20,0x20,0x00,
 0x80,0x80,0x40,0x20,0x10,0x0C,0x13,0x60,0x03,0x0C,0x10,0x20,0x40,0x80,0x80,0x00},

// "准" (索引438)
{0x00,0x02,0x0C,0xE0,0x40,0x20,0xF8,0x4F,0x48,0x49,0xFE,0x48,0x48,0x48,0x08,0x00,
 0x04,0x04,0x7F,0x00,0x00,0x00,0xFF,0x22,0x22,0x22,0x3F,0x22,0x22,0x22,0x20,0x00},

// "精" (索引439)
{0x44,0x58,0xC0,0xFF,0x50,0x4C,0x00,0x44,0x54,0x54,0x7F,0x54,0x54,0x54,0x44,0x00,
 0x08,0x06,0x01,0xFF,0x01,0x06,0x00,0x00,0xFF,0x15,0x15,0x55,0x95,0x7F,0x00,0x00},

// "值" (索引440)
{0x00,0x80,0x60,0xF8,0x07,0x04,0xE4,0xA4,0xA4,0xBF,0xA4,0xA4,0xE4,0x04,0x00,0x00,
 0x01,0x00,0x00,0xFF,0x40,0x40,0x7F,0x4A,0x4A,0x4A,0x4A,0x4A,0x7F,0x40,0x40,0x00},

// "号" (索引441)
{0x40,0x40,0x40,0x5F,0xD1,0x51,0x51,0x51,0x51,0x51,0x51,0x5F,0x40,0x40,0x40,0x00,
 0x00,0x00,0x00,0x03,0x02,0x02,0x02,0x02,0x22,0x42,0x22,0x1E,0x00,0x00,0x00,0x00},

// "率" (索引442)
{0x00,0x14,0xA4,0x44,0x24,0x34,0xAD,0x66,0x24,0x94,0x04,0x44,0xA4,0x14,0x00,0x00,
 0x08,0x09,0x08,0x08,0x09,0x09,0x09,0xFD,0x09,0x09,0x0B,0x08,0x08,0x09,0x08,0x00},

// "族" (索引443)
{0x10,0x10,0xF1,0x96,0x90,0x90,0x10,0x08,0xF7,0x44,0xC4,0x44,0x44,0x44,0x04,0x00,
 0x80,0x60,0x1F,0x40,0x80,0x7F,0x04,0x85,0x44,0x34,0x0F,0x34,0x44,0x84,0x84,0x00},

// "维" (索引444)
{0x20,0x30,0xAC,0x63,0x20,0x58,0x20,0xF8,0x4F,0x48,0x49,0xFA,0x48,0x48,0x08,0x00,
 0x22,0x67,0x22,0x12,0x12,0x12,0x00,0xFF,0x22,0x22,0x22,0x3F,0x22,0x22,0x20,0x00},

// "划" (索引445)
{0x20,0x20,0x20,0xFF,0x20,0x22,0x14,0x90,0x10,0x00,0xF8,0x00,0x00,0xFF,0x00,0x00,
 0x40,0x40,0x20,0x13,0x0C,0x14,0x22,0x41,0xF8,0x00,0x0F,0x40,0x80,0x7F,0x00,0x00},

// "选" (索引446)
{0x40,0x40,0x42,0xCC,0x00,0x50,0x4E,0xC8,0x48,0x7F,0xC8,0x48,0x48,0x40,0x00,0x00,
 0x00,0x40,0x20,0x1F,0x20,0x50,0x4C,0x43,0x40,0x40,0x4F,0x50,0x50,0x5C,0x40,0x00},

// "标" (索引447)
{0x10,0x10,0xD0,0xFF,0x90,0x10,0x20,0x22,0x22,0x22,0xE2,0x22,0x22,0x22,0x20,0x00,
 0x04,0x03,0x00,0xFF,0x00,0x13,0x0C,0x03,0x40,0x80,0x7F,0x00,0x01,0x06,0x18,0x00},

// "写" (索引448)
{0x04,0x03,0xC1,0xBD,0x91,0x91,0x91,0x91,0x91,0x91,0x91,0x91,0x91,0x05,0x03,0x00,
 0x04,0x04,0x04,0x04,0x04,0x04,0x04,0x04,0x04,0x24,0x40,0x20,0x1F,0x00,0x00,0x00},

// "存" (索引449)
{0x04,0x04,0x84,0xE4,0x1C,0x07,0x24,0x24,0x24,0x24,0xA4,0x64,0x24,0x04,0x04,0x00,
 0x02,0x01,0x00,0xFF,0x00,0x02,0x02,0x42,0x82,0x7F,0x02,0x02,0x02,0x02,0x02,0x00},

// "候" (索引450)
{0x80,0x60,0xF8,0x07,0xF8,0x10,0x92,0xF2,0x92,0x92,0x92,0x92,0x9E,0x10,0x10,0x00,
 0x00,0x00,0xFF,0x00,0x9F,0x85,0x44,0x24,0x14,0x0F,0x14,0x24,0x44,0x84,0x84,0x00},

// "毛" (索引451)
{0x00,0x04,0x44,0x44,0x44,0x44,0xFC,0x22,0x22,0x22,0x22,0x23,0x02,0x00,0x00,0x00,
 0x04,0x04,0x04,0x04,0x04,0x04,0x7F,0x82,0x82,0x82,0x82,0x82,0x82,0xF2,0x00,0x00},

// "亲" (索引452)
{0x40,0x40,0x44,0x44,0x54,0x64,0x45,0xC6,0x44,0x64,0x54,0x44,0x44,0x40,0x40,0x00,
 0x00,0x42,0x22,0x12,0x0A,0x42,0x82,0x7F,0x02,0x02,0x0A,0x12,0x22,0x42,0x00,0x00},

// "快" (索引453)
{0x00,0xE0,0x00,0xFF,0x10,0x20,0x08,0x08,0x08,0xFF,0x08,0x08,0xF8,0x00,0x00,0x00,
 0x01,0x00,0x00,0xFF,0x00,0x81,0x41,0x31,0x0D,0x03,0x0D,0x31,0x41,0x81,0x81,0x00},

// "效" (索引454)
{0x88,0x48,0x28,0x09,0x0A,0x28,0x48,0x88,0x80,0x70,0x8F,0x08,0x08,0xF8,0x08,0x00,
 0x40,0x20,0x11,0x0A,0x04,0x0B,0x30,0x80,0x40,0x20,0x13,0x0C,0x33,0x40,0x80,0x00},

// "斯" (索引455)
{0x00,0x04,0xFF,0x24,0x24,0x24,0xFF,0x04,0x00,0xFC,0x44,0x44,0xC4,0x42,0x40,0x00,
 0x88,0x48,0x2F,0x09,0x09,0x19,0x2F,0xC8,0x60,0x1F,0x00,0x00,0xFF,0x00,0x00,0x00},

// "院" (索引456)
{0x00,0xFE,0x22,0x5A,0x86,0x10,0x0C,0x24,0x24,0x25,0x26,0x24,0x24,0x14,0x0C,0x00,
 0x00,0xFF,0x04,0x08,0x07,0x80,0x41,0x31,0x0F,0x01,0x01,0x3F,0x41,0x41,0x71,0x00},

// "查" (索引457)
{0x40,0x44,0x24,0xA4,0x94,0x8C,0x84,0xFF,0x84,0x8C,0x94,0xA4,0x24,0x44,0x40,0x00,
 0x40,0x40,0x40,0x5F,0x4A,0x4A,0x4A,0x4A,0x4A,0x4A,0x4A,0x5F,0x40,0x40,0x40,0x00},

// "江" (索引458)
{0x10,0x60,0x02,0x0C,0xC0,0x04,0x04,0x04,0x04,0xFC,0x04,0x04,0x04,0x04,0x00,0x00,
 0x04,0x04,0x7C,0x03,0x20,0x20,0x20,0x20,0x20,0x3F,0x20,0x20,0x20,0x20,0x20,0x00},

// "型" (索引459)
{0x20,0x22,0xA2,0x7E,0x22,0x22,0xFE,0x22,0x22,0x00,0x7C,0x00,0x00,0xFF,0x00,0x00,
 0x44,0x42,0x49,0x48,0x48,0x48,0x49,0x7E,0x48,0x48,0x48,0x49,0x4A,0x41,0x40,0x00},

// "眼" (索引460)
{0x00,0xFE,0x92,0x92,0xFE,0x00,0xFF,0x49,0x49,0xC9,0x49,0x49,0x7F,0x80,0x00,0x00,
 0x00,0x1F,0x08,0x08,0x1F,0x00,0x7F,0x20,0x10,0x01,0x06,0x0A,0x11,0x20,0x20,0x00},

// "王" (索引461)
{0x00,0x02,0x82,0x82,0x82,0x82,0x82,0xFE,0x82,0x82,0x82,0x82,0x82,0x02,0x00,0x00,
 0x40,0x40,0x40,0x40,0x40,0x40,0x40,0x7F,0x40,0x40,0x40,0x40,0x40,0x40,0x40,0x00},

// "按" (索引462)
{0x10,0x10,0x10,0xFF,0x90,0x20,0x98,0x88,0x88,0xE9,0x8E,0x88,0x88,0xA8,0x98,0x00,
 0x02,0x42,0x81,0x7F,0x00,0x00,0x80,0x84,0x4B,0x28,0x10,0x28,0x47,0x80,0x00,0x00},

// "格" (索引463)
{0x10,0x10,0xD0,0xFF,0x90,0x20,0x10,0x18,0xA7,0x44,0xA4,0x14,0x0C,0x00,0x00,0x00,
 0x04,0x03,0x00,0xFF,0x00,0x05,0x02,0xFD,0x44,0x44,0x44,0x45,0xFD,0x02,0x02,0x00},

// "养" (索引464)
{0x80,0x88,0xA8,0xA8,0xA9,0xAA,0xE8,0xB8,0xA8,0xAA,0xA9,0xA8,0xA8,0x88,0x80,0x00,
 0x08,0x08,0x84,0x44,0x22,0x1D,0x00,0x00,0x00,0xFD,0x02,0x04,0x04,0x08,0x08,0x00},

// "易" (索引465)
{0x00,0x00,0x00,0x00,0x7F,0xC9,0x49,0x49,0x49,0x49,0x49,0x7F,0x00,0x00,0x00,0x00,
 0x00,0x08,0x04,0x42,0x23,0x12,0x8E,0x42,0x32,0x0E,0x42,0x82,0x42,0x3E,0x00,0x00},

// "置" (索引466)
{0x00,0x17,0x15,0xD5,0x55,0x57,0x55,0x7D,0x55,0x57,0x55,0xD5,0x15,0x17,0x00,0x00,
 0x40,0x40,0x40,0x7F,0x55,0x55,0x55,0x55,0x55,0x55,0x55,0x7F,0x40,0x40,0x40,0x00},

// "派" (索引467)
{0x10,0x60,0x02,0x8C,0x00,0xFC,0x04,0xE4,0x24,0x24,0xE2,0x12,0x13,0x12,0x80,0x00,
 0x04,0x04,0x7E,0x81,0x60,0x1F,0x00,0xFF,0x40,0x20,0x03,0x0C,0x12,0x21,0x40,0x00},

// "层" (索引468)
{0x00,0x00,0xFF,0x09,0x49,0x49,0x49,0x49,0x49,0x49,0x49,0x49,0x49,0x4F,0x00,0x00,
 0x40,0x30,0x0F,0x02,0x22,0x72,0x2A,0x26,0x22,0x22,0x22,0x2A,0x32,0x62,0x02,0x00},

// "片" (索引469)
{0x00,0x00,0x00,0xFE,0x20,0x20,0x20,0x20,0x20,0x3F,0x20,0x20,0x20,0x20,0x00,0x00,
 0x00,0x80,0x60,0x1F,0x02,0x02,0x02,0x02,0x02,0x02,0xFE,0x00,0x00,0x00,0x00,0x00},

// "始" (索引470)
{0x10,0x10,0xF0,0x1F,0x10,0xF0,0x00,0x40,0xE0,0x58,0x47,0x40,0x50,0x60,0xC0,0x00,
 0x40,0x22,0x15,0x08,0x16,0x21,0x00,0x00,0xFE,0x42,0x42,0x42,0x42,0xFE,0x00,0x00},

// "却" (索引471)
{0x80,0x88,0x88,0x88,0xFF,0x88,0x88,0x88,0x80,0xFC,0x04,0x04,0x04,0xFC,0x00,0x00,
 0x10,0x38,0x14,0x13,0x10,0x14,0x18,0x30,0x00,0xFF,0x00,0x08,0x10,0x0F,0x00,0x00},

// "专" (索引472)
{0x40,0x40,0x48,0x48,0x48,0xC8,0x78,0x4F,0x48,0x48,0x48,0x48,0x48,0x40,0x40,0x00,
 0x00,0x00,0x00,0x00,0x03,0x12,0x12,0x22,0x22,0x52,0x8A,0x06,0x00,0x00,0x00,0x00},

// "状" (索引473)
{0x00,0x08,0x30,0x00,0xFF,0x20,0x20,0x20,0x20,0xFF,0x20,0x20,0x22,0x2C,0x20,0x00,
 0x04,0x04,0x02,0x01,0xFF,0x80,0x40,0x30,0x0E,0x01,0x06,0x18,0x20,0x40,0x80,0x00},

// "育" (索引474)
{0x04,0x04,0x24,0xB4,0xAC,0xA4,0xA5,0xA6,0xA4,0xA4,0xA4,0xB4,0x64,0x04,0x04,0x00,
 0x00,0x00,0x00,0xFF,0x0A,0x0A,0x0A,0x0A,0x0A,0x4A,0x8A,0x7F,0x00,0x00,0x00,0x00},

// "厂" (索引475)
{0x00,0x00,0xFF,0x01,0x01,0x01,0x01,0x01,0x01,0x01,0x01,0x01,0x01,0x01,0x01,0x00,
 0x40,0x30,0x0F,0x00,0x00,0x00,0x00,0x00,0x00,0x00,0x00,0x00,0x00,0x00,0x00,0x00},

// "京" (索引476)
{0x04,0x04,0x04,0xE4,0x24,0x24,0x25,0x26,0x24,0x24,0x24,0xE4,0x04,0x04,0x04,0x00,
 0x00,0x40,0x20,0x1B,0x02,0x42,0x82,0x7E,0x02,0x02,0x02,0x0B,0x10,0x60,0x00,0x00},

// "识" (索引477)
{0x20,0x20,0x21,0xE6,0x00,0x00,0x00,0xFE,0x82,0x82,0x82,0x82,0x82,0xFE,0x00,0x00,
 0x00,0x00,0x00,0x1F,0x08,0x44,0x20,0x11,0x0C,0x00,0x00,0x04,0x08,0x11,0x60,0x00},

// "适" (索引478)
{0x40,0x40,0x42,0xCC,0x00,0x10,0x92,0x92,0x92,0xFF,0x91,0x91,0x91,0x10,0x10,0x00,
 0x00,0x40,0x20,0x1F,0x20,0x40,0x5F,0x48,0x48,0x48,0x48,0x48,0x5F,0x40,0x40,0x00},

// "属" (索引479)
{0x00,0x00,0xFF,0x05,0xD5,0x55,0x55,0x55,0xF5,0x55,0x55,0x55,0xD5,0x07,0x00,0x00,
 0x20,0x18,0x07,0x7C,0x05,0x15,0x15,0x15,0x1F,0x15,0x15,0x3D,0x45,0x3C,0x00,0x00},

// "圆" (索引480)
{0x00,0xFF,0x01,0xC1,0x5D,0x55,0x55,0x55,0x55,0x55,0x5D,0xC1,0x01,0xFF,0x00,0x00,
 0x00,0x7F,0x20,0x27,0x30,0x28,0x24,0x23,0x24,0x28,0x30,0x27,0x20,0x7F,0x00,0x00},

// "包" (索引481)
{0x40,0x20,0x10,0xEC,0x27,0x24,0x24,0x24,0xE4,0x04,0x04,0xFC,0x00,0x00,0x00,0x00,
 0x00,0x00,0x00,0x3F,0x42,0x42,0x42,0x42,0x43,0x44,0x48,0x47,0x40,0x70,0x00,0x00},

// "火" (索引482)
{0x00,0x00,0xC0,0x38,0x00,0x00,0x00,0xFF,0x00,0x00,0x40,0x20,0x18,0x00,0x00,0x00,
 0x80,0x81,0x40,0x20,0x10,0x0C,0x03,0x00,0x03,0x0C,0x10,0x20,0x40,0x80,0x80,0x00},

// "住" (索引483)
{0x00,0x80,0x60,0xF8,0x07,0x08,0x08,0x08,0x09,0xFA,0x08,0x08,0x08,0x08,0x00,0x00,
 0x01,0x00,0x00,0xFF,0x40,0x41,0x41,0x41,0x41,0x7F,0x41,0x41,0x41,0x41,0x40,0x00},

// "调" (索引484)
{0x20,0x21,0xE6,0x00,0x00,0xFF,0x41,0x49,0x49,0x7F,0x49,0x49,0x41,0xFF,0x00,0x00,
 0x00,0x00,0x1F,0x08,0x44,0x3F,0x00,0x0F,0x09,0x09,0x09,0x2F,0x40,0x3F,0x00,0x00},

// "满" (索引485)
{0x10,0x60,0x02,0x8C,0x00,0x24,0x24,0x2F,0xE4,0x24,0x24,0xE4,0x2F,0x24,0x24,0x00,
 0x04,0x04,0x7E,0x01,0x00,0xFF,0x11,0x09,0x07,0x19,0x09,0x07,0x49,0x91,0x7F,0x00},

// "县" (索引486)
{0x00,0x00,0x00,0xFF,0x49,0x49,0x49,0x49,0x49,0x49,0x49,0xFF,0x00,0x00,0x00,0x00,
 0x02,0x02,0x22,0x73,0x2A,0x26,0x22,0x22,0x22,0x22,0x2A,0x33,0x62,0x02,0x02,0x00},

// "局" (索引487)
{0x00,0x00,0xFF,0x49,0x49,0x49,0x49,0x49,0x49,0x49,0x49,0x49,0x4F,0xC0,0x00,0x00,
 0x20,0x18,0x07,0x00,0x00,0x0F,0x09,0x09,0x09,0x09,0x2F,0x40,0x20,0x1F,0x00,0x00},

// "照" (索引488)
{0x00,0xFF,0x21,0x21,0x21,0xFF,0x00,0x21,0xD1,0x4F,0x41,0x51,0x61,0xDF,0x00,0x00,
 0x40,0x37,0x04,0x04,0x14,0x67,0x00,0x00,0x17,0x64,0x04,0x04,0x14,0x67,0x00,0x00},

// "参" (索引489)
{0x00,0x20,0x20,0xA8,0x6C,0x2A,0x39,0x28,0xA8,0x2A,0x6C,0xA8,0x20,0x20,0x00,0x00,
 0x02,0x82,0x81,0x90,0x92,0x4A,0x49,0x45,0x24,0x22,0x10,0x08,0x01,0x02,0x02,0x00},

// "红" (索引490)
{0x20,0x30,0xAC,0x63,0x20,0x18,0x00,0x04,0x04,0x04,0xFC,0x04,0x04,0x04,0x00,0x00,
 0x22,0x67,0x22,0x12,0x12,0x12,0x40,0x40,0x40,0x40,0x7F,0x40,0x40,0x40,0x40,0x00},

// "细" (索引491)
{0x20,0x30,0xAC,0x63,0x20,0x18,0x00,0xFC,0x04,0x04,0xFC,0x04,0x04,0xFC,0x00,0x00,
 0x22,0x67,0x22,0x12,0x12,0x12,0x00,0xFF,0x41,0x41,0x7F,0x41,0x41,0xFF,0x00,0x00},

// "引" (索引492)
{0x00,0x02,0xE2,0x22,0x22,0x22,0x22,0x3E,0x00,0x00,0x00,0x00,0xFF,0x00,0x00,0x00,
 0x00,0x03,0x02,0x02,0x42,0x82,0x42,0x3E,0x00,0x00,0x00,0x00,0xFF,0x00,0x00,0x00},

// "听" (索引493)
{0x00,0xFC,0x04,0x04,0xFC,0x00,0x00,0xFC,0x44,0x44,0x44,0xC2,0x43,0x42,0x40,0x00,
 0x00,0x0F,0x04,0x04,0x0F,0x80,0x60,0x1F,0x00,0x00,0x00,0xFF,0x00,0x00,0x00,0x00},

// "该" (索引494)
{0x40,0x42,0xCC,0x00,0x04,0x84,0xC4,0xB4,0x8D,0x86,0xC4,0x34,0x04,0xC4,0x04,0x00,
 0x00,0x00,0x3F,0x10,0x88,0x90,0x48,0x44,0x22,0x11,0x08,0x14,0x23,0xC0,0x00,0x00},

// "铁" (索引495)
{0x20,0x10,0x2C,0xE7,0x24,0x24,0x40,0x3C,0x10,0x10,0xFF,0x10,0x10,0x10,0x00,0x00,
 0x01,0x01,0x01,0x7F,0x21,0x11,0x80,0x41,0x31,0x0D,0x03,0x0D,0x31,0x41,0x81,0x00},

// "价" (索引496)
{0x00,0x80,0x60,0xF8,0x07,0x40,0x20,0x90,0x0C,0x03,0x0C,0x90,0x20,0x40,0x40,0x00,
 0x01,0x00,0x00,0xFF,0x00,0x80,0x60,0x1F,0x00,0x00,0x00,0xFF,0x00,0x00,0x00,0x00},

// "严" (索引497)
{0x00,0x01,0xE1,0x25,0x29,0x21,0x3F,0x21,0x21,0x3F,0x21,0x29,0x25,0x21,0x20,0x00,
 0x40,0x30,0x0F,0x00,0x00,0x00,0x00,0x00,0x00,0x00,0x00,0x00,0x00,0x00,0x00,0x00},

// "龙" (索引498)
{0x10,0x10,0x10,0x10,0x10,0xFF,0x10,0x10,0xF0,0x10,0x11,0x16,0xD0,0x10,0x10,0x00,
 0x80,0x40,0x20,0x18,0x06,0x41,0x20,0x10,0x3F,0x44,0x42,0x41,0x40,0x40,0x78,0x00},

// "飞" (索引499)
{0x01,0x01,0x01,0x01,0x01,0x01,0x01,0x01,0x01,0xFF,0x20,0x50,0x88,0x04,0x00,0x00,
 0x00,0x00,0x00,0x00,0x00,0x00,0x00,0x00,0x00,0x01,0x06,0x08,0x10,0x21,0x78,0x00},

// "刘" (索引500)
{0x08,0x28,0x48,0x89,0x0E,0x88,0x78,0x08,0x08,0x00,0xF8,0x00,0x00,0xFF,0x00,0x00,
 0x40,0x20,0x10,0x09,0x06,0x19,0x60,0x00,0x00,0x00,0x0F,0x40,0x80,0x7F,0x00,0x00},

// "丽" (索引501)
{0x01,0x01,0xF9,0x89,0x09,0x09,0xF9,0x01,0xF9,0x89,0x09,0x09,0xF9,0x01,0x01,0x00,
 0x00,0x00,0x7F,0x00,0x23,0x40,0x3F,0x00,0x7F,0x00,0x23,0x40,0x3F,0x00,0x00,0x00},

// "杰" (索引502)
{0x00,0x08,0x08,0x88,0x48,0x28,0x18,0xFF,0x18,0x28,0x48,0x88,0x08,0x08,0x00,0x00,
 0x82,0x42,0x31,0x00,0x00,0x10,0x60,0x07,0x10,0x60,0x00,0x00,0x11,0xE2,0x02,0x00},

};

#endif